target,model,A_ROC_AUC,B_ROC_AUC,Delta_ROC_AUC,A_F1,B_F1,Delta_F1
Cath,LinearSVM,0.908553144334657,0.8994182288299934,-0.0091,0.8844,0.8813,-0.0031
Cath,LogisticRegression,0.9234858250992705,0.9175275648721026,-0.006,0.896,0.8956,-0.0004
Cath,RBF_SVM,0.9016954474097331,0.8976996952627205,-0.004,0.8924,0.8894,-0.0029
Cath,RandomForest,0.9305154677255517,0.932489611229107,0.002,0.9113,0.9118,0.0004
LAD,LinearSVM,0.7847522686025408,0.7785771324863885,-0.0062,0.7696,0.7695,-0.0001
LAD,LogisticRegression,0.815547575836142,0.8141844697951777,-0.0014,0.7777,0.7735,-0.0042
LAD,RBF_SVM,0.8220022686025409,0.8205370754472388,-0.0015,0.7992,0.7996,0.0004
LAD,RandomForest,0.8538171506352087,0.8519725823178637,-0.0018,0.8445,0.8423,-0.0023
LCX,LinearSVM,0.6788487598306111,0.6590278954090206,-0.0198,0.3706,0.3526,-0.0181
LCX,LogisticRegression,0.6851872017207771,0.6780470524971431,-0.0071,0.495,0.5029,0.008
LCX,RBF_SVM,0.6891787322712912,0.6881767829535526,-0.001,0.4584,0.4584,-0.0
LCX,RandomForest,0.7424318074880688,0.7452036028769241,0.0028,0.5165,0.5014,-0.0151
RCA,LinearSVM,0.6969722390266856,0.700665927270283,0.0037,0.4217,0.4363,0.0146
RCA,LogisticRegression,0.7189258587080728,0.7170882570410702,-0.0018,0.5456,0.5415,-0.004
RCA,RBF_SVM,0.6857812731061369,0.685087047119715,-0.0007,0.4673,0.4683,0.0009
RCA,RandomForest,0.6933163944343618,0.700264502251798,0.0069,0.4473,0.4457,-0.0016
