target,model,preprocessing,evaluation_idx,repeat,fold,train_size,val_size,positive_train,negative_train,positive_val,negative_val,roc_auc,pr_auc,accuracy,precision,recall,f1,model_family
Cath,XGBoost,Config_A_Ordinal,1,1,1,193,49,138,55,35,14,0.8979591836734694,0.9530176477507751,0.8571428571428571,0.868421052631579,0.9428571428571428,0.9041095890410958,Boosting: XGBoost
Cath,XGBoost,Config_A_Ordinal,2,1,2,193,49,138,55,35,14,0.9653061224489796,0.9889684661743486,0.9183673469387755,0.9428571428571428,0.9428571428571428,0.9428571428571428,Boosting: XGBoost
Cath,XGBoost,Config_A_Ordinal,3,1,3,194,48,138,56,35,13,0.9296703296703296,0.9717056736090955,0.9375,0.9210526315789473,1.0,0.958904109589041,Boosting: XGBoost
Cath,XGBoost,Config_A_Ordinal,4,1,4,194,48,139,55,34,14,0.9495798319327731,0.9805598497733117,0.8958333333333334,0.9142857142857143,0.9411764705882353,0.927536231884058,Boosting: XGBoost
Cath,XGBoost,Config_A_Ordinal,5,1,5,194,48,139,55,34,14,0.861344537815126,0.9455969729376851,0.8125,0.8787878787878788,0.8529411764705882,0.8656716417910447,Boosting: XGBoost
Cath,XGBoost,Config_A_Ordinal,6,2,1,193,49,138,55,35,14,0.9775510204081632,0.9914818356711114,0.8979591836734694,0.8947368421052632,0.9714285714285714,0.9315068493150684,Boosting: XGBoost
Cath,XGBoost,Config_A_Ordinal,7,2,2,193,49,138,55,35,14,0.9775510204081632,0.9920811567870391,0.8775510204081632,0.8717948717948718,0.9714285714285714,0.918918918918919,Boosting: XGBoost
Cath,XGBoost,Config_A_Ordinal,8,2,3,194,48,138,56,35,13,0.9582417582417582,0.983367183203348,0.8958333333333334,0.8947368421052632,0.9714285714285714,0.9315068493150684,Boosting: XGBoost
Cath,XGBoost,Config_A_Ordinal,9,2,4,194,48,139,55,34,14,0.8760504201680672,0.9469236228768148,0.8333333333333334,0.8611111111111112,0.9117647058823529,0.8857142857142857,Boosting: XGBoost
Cath,XGBoost,Config_A_Ordinal,10,2,5,194,48,139,55,34,14,0.8298319327731093,0.8916292533148966,0.8333333333333334,0.90625,0.8529411764705882,0.8787878787878788,Boosting: XGBoost
Cath,XGBoost,Config_A_Ordinal,11,3,1,193,49,138,55,35,14,0.9408163265306122,0.9743603527149667,0.8775510204081632,0.9393939393939394,0.8857142857142857,0.9117647058823529,Boosting: XGBoost
Cath,XGBoost,Config_A_Ordinal,12,3,2,193,49,138,55,35,14,0.9408163265306122,0.9751066348217304,0.8979591836734694,0.9166666666666666,0.9428571428571428,0.9295774647887324,Boosting: XGBoost
Cath,XGBoost,Config_A_Ordinal,13,3,3,194,48,138,56,35,13,0.8571428571428572,0.9370296656596868,0.8333333333333334,0.8461538461538461,0.9428571428571428,0.8918918918918919,Boosting: XGBoost
Cath,XGBoost,Config_A_Ordinal,14,3,4,194,48,139,55,34,14,0.957983193277311,0.9827456008295422,0.9166666666666666,0.9411764705882353,0.9411764705882353,0.9411764705882353,Boosting: XGBoost
Cath,XGBoost,Config_A_Ordinal,15,3,5,194,48,139,55,34,14,0.9516806722689075,0.9796876283989117,0.8958333333333334,0.8918918918918919,0.9705882352941176,0.9295774647887324,Boosting: XGBoost
Cath,XGBoost,Config_A_Ordinal,16,4,1,193,49,138,55,35,14,0.9102040816326531,0.9626105452262111,0.8775510204081632,0.8918918918918919,0.9428571428571428,0.9166666666666666,Boosting: XGBoost
Cath,XGBoost,Config_A_Ordinal,17,4,2,193,49,138,55,35,14,0.9387755102040817,0.9740573674441783,0.9387755102040817,0.9444444444444444,0.9714285714285714,0.9577464788732394,Boosting: XGBoost
Cath,XGBoost,Config_A_Ordinal,18,4,3,194,48,138,56,35,13,0.9076923076923077,0.969465914607488,0.8333333333333334,0.8857142857142857,0.8857142857142857,0.8857142857142857,Boosting: XGBoost
Cath,XGBoost,Config_A_Ordinal,19,4,4,194,48,139,55,34,14,0.930672268907563,0.9467831412308013,0.8958333333333334,0.8717948717948718,1.0,0.9315068493150684,Boosting: XGBoost
Cath,XGBoost,Config_A_Ordinal,20,4,5,194,48,139,55,34,14,0.9243697478991596,0.9682940133245321,0.8333333333333334,0.9333333333333333,0.8235294117647058,0.875,Boosting: XGBoost
Cath,XGBoost,Config_A_Ordinal,21,5,1,193,49,138,55,35,14,0.9020408163265307,0.9588474061910192,0.8775510204081632,0.8918918918918919,0.9428571428571428,0.9166666666666666,Boosting: XGBoost
Cath,XGBoost,Config_A_Ordinal,22,5,2,193,49,138,55,35,14,0.9306122448979591,0.9737744446576075,0.8163265306122449,0.8421052631578947,0.9142857142857143,0.8767123287671232,Boosting: XGBoost
Cath,XGBoost,Config_A_Ordinal,23,5,3,194,48,138,56,35,13,0.9076923076923076,0.9487427767680646,0.875,0.8918918918918919,0.9428571428571428,0.9166666666666666,Boosting: XGBoost
Cath,XGBoost,Config_A_Ordinal,24,5,4,194,48,139,55,34,14,0.9369747899159664,0.9727489705939256,0.875,0.9375,0.8823529411764706,0.9090909090909091,Boosting: XGBoost
Cath,XGBoost,Config_A_Ordinal,25,5,5,194,48,139,55,34,14,0.930672268907563,0.9764903658802535,0.8333333333333334,0.8421052631578947,0.9411764705882353,0.8888888888888888,Boosting: XGBoost
Cath,LightGBM,Config_A_Ordinal,1,1,1,193,49,138,55,35,14,0.9081632653061223,0.9602535658052422,0.8367346938775511,0.8648648648648649,0.9142857142857143,0.8888888888888888,Boosting: LightGBM
Cath,LightGBM,Config_A_Ordinal,2,1,2,193,49,138,55,35,14,0.9571428571428571,0.9838002985938367,0.9387755102040817,0.9444444444444444,0.9714285714285714,0.9577464788732394,Boosting: LightGBM
Cath,LightGBM,Config_A_Ordinal,3,1,3,194,48,138,56,35,13,0.9208791208791209,0.9668038967239104,0.9166666666666666,0.918918918918919,0.9714285714285714,0.9444444444444444,Boosting: LightGBM
Cath,LightGBM,Config_A_Ordinal,4,1,4,194,48,139,55,34,14,0.9642857142857143,0.9871137223781912,0.9375,0.9696969696969697,0.9411764705882353,0.9552238805970149,Boosting: LightGBM
Cath,LightGBM,Config_A_Ordinal,5,1,5,194,48,139,55,34,14,0.8613445378151261,0.9445473585031571,0.7916666666666666,0.8333333333333334,0.8823529411764706,0.8571428571428571,Boosting: LightGBM
Cath,LightGBM,Config_A_Ordinal,6,2,1,193,49,138,55,35,14,0.9571428571428571,0.9816552260035861,0.9183673469387755,0.918918918918919,0.9714285714285714,0.9444444444444444,Boosting: LightGBM
Cath,LightGBM,Config_A_Ordinal,7,2,2,193,49,138,55,35,14,0.9693877551020408,0.9890544577353254,0.8775510204081632,0.8717948717948718,0.9714285714285714,0.918918918918919,Boosting: LightGBM
Cath,LightGBM,Config_A_Ordinal,8,2,3,194,48,138,56,35,13,0.956043956043956,0.9837517686724093,0.875,0.8918918918918919,0.9428571428571428,0.9166666666666666,Boosting: LightGBM
Cath,LightGBM,Config_A_Ordinal,9,2,4,194,48,139,55,34,14,0.8865546218487395,0.9487466054197019,0.8333333333333334,0.8611111111111112,0.9117647058823529,0.8857142857142857,Boosting: LightGBM
Cath,LightGBM,Config_A_Ordinal,10,2,5,194,48,139,55,34,14,0.8235294117647058,0.8789234618522177,0.8333333333333334,0.90625,0.8529411764705882,0.8787878787878788,Boosting: LightGBM
Cath,LightGBM,Config_A_Ordinal,11,3,1,193,49,138,55,35,14,0.9530612244897959,0.9811737577326117,0.8775510204081632,0.967741935483871,0.8571428571428571,0.9090909090909091,Boosting: LightGBM
Cath,LightGBM,Config_A_Ordinal,12,3,2,193,49,138,55,35,14,0.9326530612244898,0.9720187579071423,0.9183673469387755,0.918918918918919,0.9714285714285714,0.9444444444444444,Boosting: LightGBM
Cath,LightGBM,Config_A_Ordinal,13,3,3,194,48,138,56,35,13,0.8725274725274725,0.93384583647838,0.8541666666666666,0.85,0.9714285714285714,0.9066666666666666,Boosting: LightGBM
Cath,LightGBM,Config_A_Ordinal,14,3,4,194,48,139,55,34,14,0.9516806722689075,0.9806102617592185,0.8333333333333334,0.8611111111111112,0.9117647058823529,0.8857142857142857,Boosting: LightGBM
Cath,LightGBM,Config_A_Ordinal,15,3,5,194,48,139,55,34,14,0.9222689075630252,0.9565340472314252,0.875,0.868421052631579,0.9705882352941176,0.9166666666666666,Boosting: LightGBM
Cath,LightGBM,Config_A_Ordinal,16,4,1,193,49,138,55,35,14,0.8979591836734694,0.9593257823700196,0.8775510204081632,0.9142857142857143,0.9142857142857143,0.9142857142857143,Boosting: LightGBM
Cath,LightGBM,Config_A_Ordinal,17,4,2,193,49,138,55,35,14,0.9346938775510203,0.9740782655212014,0.8775510204081632,0.8717948717948718,0.9714285714285714,0.918918918918919,Boosting: LightGBM
Cath,LightGBM,Config_A_Ordinal,18,4,3,194,48,138,56,35,13,0.865934065934066,0.953051054226848,0.7916666666666666,0.8571428571428571,0.8571428571428571,0.8571428571428571,Boosting: LightGBM
Cath,LightGBM,Config_A_Ordinal,19,4,4,194,48,139,55,34,14,0.9348739495798319,0.9484853929871186,0.8958333333333334,0.8717948717948718,1.0,0.9315068493150684,Boosting: LightGBM
Cath,LightGBM,Config_A_Ordinal,20,4,5,194,48,139,55,34,14,0.9222689075630252,0.9673701178185931,0.8541666666666666,0.9354838709677419,0.8529411764705882,0.8923076923076924,Boosting: LightGBM
Cath,LightGBM,Config_A_Ordinal,21,5,1,193,49,138,55,35,14,0.889795918367347,0.9540708590918586,0.7755102040816326,0.8529411764705882,0.8285714285714286,0.8405797101449275,Boosting: LightGBM
Cath,LightGBM,Config_A_Ordinal,22,5,2,193,49,138,55,35,14,0.926530612244898,0.9721567227194198,0.8367346938775511,0.8292682926829268,0.9714285714285714,0.8947368421052632,Boosting: LightGBM
Cath,LightGBM,Config_A_Ordinal,23,5,3,194,48,138,56,35,13,0.9032967032967033,0.9408433054496037,0.875,0.8918918918918919,0.9428571428571428,0.9166666666666666,Boosting: LightGBM
Cath,LightGBM,Config_A_Ordinal,24,5,4,194,48,139,55,34,14,0.9201680672268907,0.9652066516727983,0.8541666666666666,0.9090909090909091,0.8823529411764706,0.8955223880597015,Boosting: LightGBM
Cath,LightGBM,Config_A_Ordinal,25,5,5,194,48,139,55,34,14,0.9222689075630252,0.9726485278877011,0.875,0.8888888888888888,0.9411764705882353,0.9142857142857143,Boosting: LightGBM
Cath,XGBoost,Config_B_OneHot,1,1,1,193,49,138,55,35,14,0.8897959183673468,0.9502201737385326,0.8571428571428571,0.868421052631579,0.9428571428571428,0.9041095890410958,Boosting: XGBoost
Cath,XGBoost,Config_B_OneHot,2,1,2,193,49,138,55,35,14,0.9653061224489795,0.9886824278563954,0.9183673469387755,0.9428571428571428,0.9428571428571428,0.9428571428571428,Boosting: XGBoost
Cath,XGBoost,Config_B_OneHot,3,1,3,194,48,138,56,35,13,0.934065934065934,0.9735749883848144,0.9375,0.9210526315789473,1.0,0.958904109589041,Boosting: XGBoost
Cath,XGBoost,Config_B_OneHot,4,1,4,194,48,139,55,34,14,0.9516806722689075,0.9819391262693113,0.8958333333333334,0.9142857142857143,0.9411764705882353,0.927536231884058,Boosting: XGBoost
Cath,XGBoost,Config_B_OneHot,5,1,5,194,48,139,55,34,14,0.8571428571428571,0.9435687432528974,0.8125,0.8571428571428571,0.8823529411764706,0.8695652173913043,Boosting: XGBoost
Cath,XGBoost,Config_B_OneHot,6,2,1,193,49,138,55,35,14,0.9693877551020408,0.9881512913321637,0.8979591836734694,0.8947368421052632,0.9714285714285714,0.9315068493150684,Boosting: XGBoost
Cath,XGBoost,Config_B_OneHot,7,2,2,193,49,138,55,35,14,0.9816326530612245,0.9938680588514476,0.8775510204081632,0.8717948717948718,0.9714285714285714,0.918918918918919,Boosting: XGBoost
Cath,XGBoost,Config_B_OneHot,8,2,3,194,48,138,56,35,13,0.9494505494505494,0.979495255187909,0.8958333333333334,0.8947368421052632,0.9714285714285714,0.9315068493150684,Boosting: XGBoost
Cath,XGBoost,Config_B_OneHot,9,2,4,194,48,139,55,34,14,0.8928571428571429,0.9564466153753342,0.8333333333333334,0.8611111111111112,0.9117647058823529,0.8857142857142857,Boosting: XGBoost
Cath,XGBoost,Config_B_OneHot,10,2,5,194,48,139,55,34,14,0.8319327731092436,0.883756287158755,0.8333333333333334,0.90625,0.8529411764705882,0.8787878787878788,Boosting: XGBoost
Cath,XGBoost,Config_B_OneHot,11,3,1,193,49,138,55,35,14,0.9551020408163264,0.9817295975384838,0.8979591836734694,0.9411764705882353,0.9142857142857143,0.927536231884058,Boosting: XGBoost
Cath,XGBoost,Config_B_OneHot,12,3,2,193,49,138,55,35,14,0.9591836734693877,0.9835223846001461,0.8979591836734694,0.9166666666666666,0.9428571428571428,0.9295774647887324,Boosting: XGBoost
Cath,XGBoost,Config_B_OneHot,13,3,3,194,48,138,56,35,13,0.8527472527472527,0.9330888877707033,0.8333333333333334,0.8461538461538461,0.9428571428571428,0.8918918918918919,Boosting: XGBoost
Cath,XGBoost,Config_B_OneHot,14,3,4,194,48,139,55,34,14,0.9621848739495799,0.9843315293185848,0.9583333333333334,0.9705882352941176,0.9705882352941176,0.9705882352941176,Boosting: XGBoost
Cath,XGBoost,Config_B_OneHot,15,3,5,194,48,139,55,34,14,0.9558823529411765,0.9820237880402553,0.9166666666666666,0.9166666666666666,0.9705882352941176,0.9428571428571428,Boosting: XGBoost
Cath,XGBoost,Config_B_OneHot,16,4,1,193,49,138,55,35,14,0.9081632653061225,0.9636254290235533,0.8775510204081632,0.8918918918918919,0.9428571428571428,0.9166666666666666,Boosting: XGBoost
Cath,XGBoost,Config_B_OneHot,17,4,2,193,49,138,55,35,14,0.9489795918367347,0.9793408522498305,0.8979591836734694,0.8947368421052632,0.9714285714285714,0.9315068493150684,Boosting: XGBoost
Cath,XGBoost,Config_B_OneHot,18,4,3,194,48,138,56,35,13,0.8945054945054944,0.9642747193874909,0.8125,0.8823529411764706,0.8571428571428571,0.8695652173913043,Boosting: XGBoost
Cath,XGBoost,Config_B_OneHot,19,4,4,194,48,139,55,34,14,0.926470588235294,0.9452620823568012,0.8958333333333334,0.8717948717948718,1.0,0.9315068493150684,Boosting: XGBoost
Cath,XGBoost,Config_B_OneHot,20,4,5,194,48,139,55,34,14,0.9243697478991597,0.9674057111036916,0.8541666666666666,0.9354838709677419,0.8529411764705882,0.8923076923076924,Boosting: XGBoost
Cath,XGBoost,Config_B_OneHot,21,5,1,193,49,138,55,35,14,0.9040816326530612,0.9587987630778599,0.8775510204081632,0.8918918918918919,0.9428571428571428,0.9166666666666666,Boosting: XGBoost
Cath,XGBoost,Config_B_OneHot,22,5,2,193,49,138,55,35,14,0.9326530612244898,0.9751423578740445,0.8163265306122449,0.825,0.9428571428571428,0.88,Boosting: XGBoost
Cath,XGBoost,Config_B_OneHot,23,5,3,194,48,138,56,35,13,0.9142857142857143,0.9476225982730466,0.875,0.8918918918918919,0.9428571428571428,0.9166666666666666,Boosting: XGBoost
Cath,XGBoost,Config_B_OneHot,24,5,4,194,48,139,55,34,14,0.9285714285714285,0.9700524944947779,0.875,0.9375,0.8823529411764706,0.9090909090909091,Boosting: XGBoost
Cath,XGBoost,Config_B_OneHot,25,5,5,194,48,139,55,34,14,0.9264705882352942,0.9746273211971397,0.8125,0.8205128205128205,0.9411764705882353,0.8767123287671232,Boosting: XGBoost
Cath,LightGBM,Config_B_OneHot,1,1,1,193,49,138,55,35,14,0.9081632653061223,0.9610701827746106,0.8367346938775511,0.8648648648648649,0.9142857142857143,0.8888888888888888,Boosting: LightGBM
Cath,LightGBM,Config_B_OneHot,2,1,2,193,49,138,55,35,14,0.9571428571428572,0.9840562195394128,0.9183673469387755,0.9428571428571428,0.9428571428571428,0.9428571428571428,Boosting: LightGBM
Cath,LightGBM,Config_B_OneHot,3,1,3,194,48,138,56,35,13,0.9340659340659341,0.9726732354537128,0.9166666666666666,0.918918918918919,0.9714285714285714,0.9444444444444444,Boosting: LightGBM
Cath,LightGBM,Config_B_OneHot,4,1,4,194,48,139,55,34,14,0.9642857142857143,0.9865301299427436,0.8958333333333334,0.9393939393939394,0.9117647058823529,0.9253731343283582,Boosting: LightGBM
Cath,LightGBM,Config_B_OneHot,5,1,5,194,48,139,55,34,14,0.8592436974789915,0.9438232308587717,0.75,0.8235294117647058,0.8235294117647058,0.8235294117647058,Boosting: LightGBM
Cath,LightGBM,Config_B_OneHot,6,2,1,193,49,138,55,35,14,0.9551020408163264,0.9811429023057785,0.8775510204081632,0.8717948717948718,0.9714285714285714,0.918918918918919,Boosting: LightGBM
Cath,LightGBM,Config_B_OneHot,7,2,2,193,49,138,55,35,14,0.9775510204081632,0.9922305764411027,0.8775510204081632,0.8717948717948718,0.9714285714285714,0.918918918918919,Boosting: LightGBM
Cath,LightGBM,Config_B_OneHot,8,2,3,194,48,138,56,35,13,0.9560439560439561,0.9840545986222677,0.875,0.8918918918918919,0.9428571428571428,0.9166666666666666,Boosting: LightGBM
Cath,LightGBM,Config_B_OneHot,9,2,4,194,48,139,55,34,14,0.888655462184874,0.9502487255081171,0.8333333333333334,0.8611111111111112,0.9117647058823529,0.8857142857142857,Boosting: LightGBM
Cath,LightGBM,Config_B_OneHot,10,2,5,194,48,139,55,34,14,0.8298319327731093,0.8680997275236129,0.8333333333333334,0.90625,0.8529411764705882,0.8787878787878788,Boosting: LightGBM
Cath,LightGBM,Config_B_OneHot,11,3,1,193,49,138,55,35,14,0.9428571428571428,0.9775163790383402,0.8979591836734694,0.96875,0.8857142857142857,0.9253731343283582,Boosting: LightGBM
Cath,LightGBM,Config_B_OneHot,12,3,2,193,49,138,55,35,14,0.9428571428571428,0.9766414685298529,0.8979591836734694,0.9166666666666666,0.9428571428571428,0.9295774647887324,Boosting: LightGBM
Cath,LightGBM,Config_B_OneHot,13,3,3,194,48,138,56,35,13,0.8747252747252747,0.9367180215049502,0.875,0.8717948717948718,0.9714285714285714,0.918918918918919,Boosting: LightGBM
Cath,LightGBM,Config_B_OneHot,14,3,4,194,48,139,55,34,14,0.953781512605042,0.9807814057538919,0.8541666666666666,0.8648648648648649,0.9411764705882353,0.9014084507042254,Boosting: LightGBM
Cath,LightGBM,Config_B_OneHot,15,3,5,194,48,139,55,34,14,0.9180672268907561,0.949969150482987,0.8541666666666666,0.8461538461538461,0.9705882352941176,0.9041095890410958,Boosting: LightGBM
Cath,LightGBM,Config_B_OneHot,16,4,1,193,49,138,55,35,14,0.8836734693877552,0.9520967488363588,0.8571428571428571,0.8888888888888888,0.9142857142857143,0.9014084507042254,Boosting: LightGBM
Cath,LightGBM,Config_B_OneHot,17,4,2,193,49,138,55,35,14,0.9326530612244897,0.9730956502528717,0.8979591836734694,0.8947368421052632,0.9714285714285714,0.9315068493150684,Boosting: LightGBM
Cath,LightGBM,Config_B_OneHot,18,4,3,194,48,138,56,35,13,0.8769230769230769,0.9564156076363497,0.8125,0.8611111111111112,0.8857142857142857,0.8732394366197183,Boosting: LightGBM
Cath,LightGBM,Config_B_OneHot,19,4,4,194,48,139,55,34,14,0.930672268907563,0.9427445939937246,0.8958333333333334,0.8717948717948718,1.0,0.9315068493150684,Boosting: LightGBM
Cath,LightGBM,Config_B_OneHot,20,4,5,194,48,139,55,34,14,0.9138655462184874,0.9646656444432936,0.8541666666666666,0.9354838709677419,0.8529411764705882,0.8923076923076924,Boosting: LightGBM
Cath,LightGBM,Config_B_OneHot,21,5,1,193,49,138,55,35,14,0.8959183673469387,0.9578486980507772,0.8163265306122449,0.8611111111111112,0.8857142857142857,0.8732394366197183,Boosting: LightGBM
Cath,LightGBM,Config_B_OneHot,22,5,2,193,49,138,55,35,14,0.9244897959183673,0.9709976537278385,0.8571428571428571,0.85,0.9714285714285714,0.9066666666666666,Boosting: LightGBM
Cath,LightGBM,Config_B_OneHot,23,5,3,194,48,138,56,35,13,0.8967032967032966,0.9346250108933863,0.875,0.8918918918918919,0.9428571428571428,0.9166666666666666,Boosting: LightGBM
Cath,LightGBM,Config_B_OneHot,24,5,4,194,48,139,55,34,14,0.9201680672268907,0.9662472942243279,0.8958333333333334,0.9393939393939394,0.9117647058823529,0.9253731343283582,Boosting: LightGBM
Cath,LightGBM,Config_B_OneHot,25,5,5,194,48,139,55,34,14,0.9201680672268907,0.9714127896333224,0.8333333333333334,0.8421052631578947,0.9411764705882353,0.8888888888888888,Boosting: LightGBM
LAD,XGBoost,Config_A_Ordinal,1,1,1,193,49,114,79,29,20,0.7655172413793104,0.8372916186506812,0.7551020408163265,0.7741935483870968,0.8275862068965517,0.8,Boosting: XGBoost
LAD,XGBoost,Config_A_Ordinal,2,1,2,193,49,114,79,29,20,0.8155172413793104,0.8648566704112314,0.7142857142857143,0.7586206896551724,0.7586206896551724,0.7586206896551724,Boosting: XGBoost
LAD,XGBoost,Config_A_Ordinal,3,1,3,194,48,114,80,29,19,0.8802177858439202,0.89922865697703,0.8125,0.8333333333333334,0.8620689655172413,0.847457627118644,Boosting: XGBoost
LAD,XGBoost,Config_A_Ordinal,4,1,4,194,48,115,79,28,20,0.8178571428571428,0.8452354185588026,0.6875,0.7241379310344828,0.75,0.7368421052631579,Boosting: XGBoost
LAD,XGBoost,Config_A_Ordinal,5,1,5,194,48,115,79,28,20,0.8392857142857143,0.872960934374976,0.7708333333333334,0.7575757575757576,0.8928571428571429,0.819672131147541,Boosting: XGBoost
LAD,XGBoost,Config_A_Ordinal,6,2,1,193,49,114,79,29,20,0.7672413793103449,0.8016491225109361,0.7142857142857143,0.7272727272727273,0.8275862068965517,0.7741935483870968,Boosting: XGBoost
LAD,XGBoost,Config_A_Ordinal,7,2,2,193,49,114,79,29,20,0.8017241379310346,0.8117564015862474,0.7755102040816326,0.8214285714285714,0.7931034482758621,0.8070175438596491,Boosting: XGBoost
LAD,XGBoost,Config_A_Ordinal,8,2,3,194,48,114,80,29,19,0.8747731397459165,0.9242326959417775,0.7916666666666666,0.8275862068965517,0.8275862068965517,0.8275862068965517,Boosting: XGBoost
LAD,XGBoost,Config_A_Ordinal,9,2,4,194,48,115,79,28,20,0.8714285714285714,0.8811379738893332,0.7916666666666666,0.8214285714285714,0.8214285714285714,0.8214285714285714,Boosting: XGBoost
LAD,XGBoost,Config_A_Ordinal,10,2,5,194,48,115,79,28,20,0.85,0.8480075120229764,0.7916666666666666,0.8214285714285714,0.8214285714285714,0.8214285714285714,Boosting: XGBoost
LAD,XGBoost,Config_A_Ordinal,11,3,1,193,49,114,79,29,20,0.9206896551724137,0.9389717406354402,0.8571428571428571,0.8666666666666667,0.896551724137931,0.8813559322033898,Boosting: XGBoost
LAD,XGBoost,Config_A_Ordinal,12,3,2,193,49,114,79,29,20,0.7793103448275863,0.8364516530743427,0.7346938775510204,0.7352941176470589,0.8620689655172413,0.7936507936507936,Boosting: XGBoost
LAD,XGBoost,Config_A_Ordinal,13,3,3,194,48,114,80,29,19,0.8402903811252269,0.90164559434684,0.7708333333333334,0.8461538461538461,0.7586206896551724,0.8,Boosting: XGBoost
LAD,XGBoost,Config_A_Ordinal,14,3,4,194,48,115,79,28,20,0.8178571428571428,0.8474163122219699,0.7291666666666666,0.7586206896551724,0.7857142857142857,0.7719298245614035,Boosting: XGBoost
LAD,XGBoost,Config_A_Ordinal,15,3,5,194,48,115,79,28,20,0.8464285714285714,0.852529249305861,0.7916666666666666,0.8214285714285714,0.8214285714285714,0.8214285714285714,Boosting: XGBoost
LAD,XGBoost,Config_A_Ordinal,16,4,1,193,49,114,79,29,20,0.7827586206896552,0.8050631372373179,0.7959183673469388,0.8518518518518519,0.7931034482758621,0.8214285714285714,Boosting: XGBoost
LAD,XGBoost,Config_A_Ordinal,17,4,2,193,49,114,79,29,20,0.8931034482758621,0.9166539723961085,0.7959183673469388,0.8064516129032258,0.8620689655172413,0.8333333333333334,Boosting: XGBoost
LAD,XGBoost,Config_A_Ordinal,18,4,3,194,48,114,80,29,19,0.7858439201451907,0.8590985896024497,0.75,0.8148148148148148,0.7586206896551724,0.7857142857142857,Boosting: XGBoost
LAD,XGBoost,Config_A_Ordinal,19,4,4,194,48,115,79,28,20,0.8410714285714286,0.8498069696416484,0.7916666666666666,0.7647058823529411,0.9285714285714286,0.8387096774193549,Boosting: XGBoost
LAD,XGBoost,Config_A_Ordinal,20,4,5,194,48,115,79,28,20,0.8017857142857143,0.8318120239720375,0.7083333333333334,0.7333333333333333,0.7857142857142857,0.7586206896551724,Boosting: XGBoost
LAD,XGBoost,Config_A_Ordinal,21,5,1,193,49,114,79,29,20,0.8413793103448275,0.8965971180469702,0.7551020408163265,0.7741935483870968,0.8275862068965517,0.8,Boosting: XGBoost
LAD,XGBoost,Config_A_Ordinal,22,5,2,193,49,114,79,29,20,0.8672413793103448,0.8760463106751321,0.8367346938775511,0.8888888888888888,0.8275862068965517,0.8571428571428571,Boosting: XGBoost
LAD,XGBoost,Config_A_Ordinal,23,5,3,194,48,114,80,29,19,0.7078039927404719,0.7300318918828155,0.6875,0.71875,0.7931034482758621,0.7540983606557377,Boosting: XGBoost
LAD,XGBoost,Config_A_Ordinal,24,5,4,194,48,115,79,28,20,0.8428571428571429,0.865617655761157,0.7291666666666666,0.7419354838709677,0.8214285714285714,0.7796610169491526,Boosting: XGBoost
LAD,XGBoost,Config_A_Ordinal,25,5,5,194,48,115,79,28,20,0.9214285714285714,0.9409990262998632,0.8541666666666666,0.8620689655172413,0.8928571428571429,0.8771929824561403,Boosting: XGBoost
LAD,LightGBM,Config_A_Ordinal,1,1,1,193,49,114,79,29,20,0.7482758620689656,0.7993148811507853,0.7551020408163265,0.7741935483870968,0.8275862068965517,0.8,Boosting: LightGBM
LAD,LightGBM,Config_A_Ordinal,2,1,2,193,49,114,79,29,20,0.7879310344827586,0.8513612372999896,0.7346938775510204,0.7666666666666667,0.7931034482758621,0.7796610169491526,Boosting: LightGBM
LAD,LightGBM,Config_A_Ordinal,3,1,3,194,48,114,80,29,19,0.8874773139745916,0.9084158503973753,0.8333333333333334,0.8387096774193549,0.896551724137931,0.8666666666666667,Boosting: LightGBM
LAD,LightGBM,Config_A_Ordinal,4,1,4,194,48,115,79,28,20,0.8285714285714285,0.8743030138577088,0.6875,0.7241379310344828,0.75,0.7368421052631579,Boosting: LightGBM
LAD,LightGBM,Config_A_Ordinal,5,1,5,194,48,115,79,28,20,0.8357142857142857,0.8673591223453371,0.8125,0.8064516129032258,0.8928571428571429,0.847457627118644,Boosting: LightGBM
LAD,LightGBM,Config_A_Ordinal,6,2,1,193,49,114,79,29,20,0.7672413793103449,0.7940595375419762,0.7551020408163265,0.7741935483870968,0.8275862068965517,0.8,Boosting: LightGBM
LAD,LightGBM,Config_A_Ordinal,7,2,2,193,49,114,79,29,20,0.8120689655172414,0.8248478775632337,0.7959183673469388,0.8275862068965517,0.8275862068965517,0.8275862068965517,Boosting: LightGBM
LAD,LightGBM,Config_A_Ordinal,8,2,3,194,48,114,80,29,19,0.852994555353902,0.9091506561451925,0.75,0.7741935483870968,0.8275862068965517,0.8,Boosting: LightGBM
LAD,LightGBM,Config_A_Ordinal,9,2,4,194,48,115,79,28,20,0.8589285714285714,0.8668338928050883,0.7708333333333334,0.8148148148148148,0.7857142857142857,0.8,Boosting: LightGBM
LAD,LightGBM,Config_A_Ordinal,10,2,5,194,48,115,79,28,20,0.8464285714285715,0.8569754719526819,0.8333333333333334,0.8846153846153846,0.8214285714285714,0.8518518518518519,Boosting: LightGBM
LAD,LightGBM,Config_A_Ordinal,11,3,1,193,49,114,79,29,20,0.8931034482758621,0.9181647537470897,0.8163265306122449,0.8333333333333334,0.8620689655172413,0.847457627118644,Boosting: LightGBM
LAD,LightGBM,Config_A_Ordinal,12,3,2,193,49,114,79,29,20,0.793103448275862,0.8504976553238833,0.7755102040816326,0.78125,0.8620689655172413,0.819672131147541,Boosting: LightGBM
LAD,LightGBM,Config_A_Ordinal,13,3,3,194,48,114,80,29,19,0.8566243194192378,0.9101918160820213,0.7708333333333334,0.875,0.7241379310344828,0.7924528301886793,Boosting: LightGBM
LAD,LightGBM,Config_A_Ordinal,14,3,4,194,48,115,79,28,20,0.8142857142857143,0.8398662133604409,0.75,0.7857142857142857,0.7857142857142857,0.7857142857142857,Boosting: LightGBM
LAD,LightGBM,Config_A_Ordinal,15,3,5,194,48,115,79,28,20,0.8446428571428571,0.8754142734879938,0.7916666666666666,0.8461538461538461,0.7857142857142857,0.8148148148148148,Boosting: LightGBM
LAD,LightGBM,Config_A_Ordinal,16,4,1,193,49,114,79,29,20,0.7896551724137931,0.812924361290169,0.7755102040816326,0.8461538461538461,0.7586206896551724,0.8,Boosting: LightGBM
LAD,LightGBM,Config_A_Ordinal,17,4,2,193,49,114,79,29,20,0.9120689655172415,0.9080183735930986,0.8775510204081632,0.896551724137931,0.896551724137931,0.896551724137931,Boosting: LightGBM
LAD,LightGBM,Config_A_Ordinal,18,4,3,194,48,114,80,29,19,0.7822141560798548,0.8667492804149058,0.7291666666666666,0.8076923076923077,0.7241379310344828,0.7636363636363637,Boosting: LightGBM
LAD,LightGBM,Config_A_Ordinal,19,4,4,194,48,115,79,28,20,0.8482142857142857,0.8607634262180501,0.7708333333333334,0.7575757575757576,0.8928571428571429,0.819672131147541,Boosting: LightGBM
LAD,LightGBM,Config_A_Ordinal,20,4,5,194,48,115,79,28,20,0.8017857142857142,0.8340084171639603,0.7291666666666666,0.7777777777777778,0.75,0.7636363636363637,Boosting: LightGBM
LAD,LightGBM,Config_A_Ordinal,21,5,1,193,49,114,79,29,20,0.8086206896551724,0.868627378231918,0.7959183673469388,0.8064516129032258,0.8620689655172413,0.8333333333333334,Boosting: LightGBM
LAD,LightGBM,Config_A_Ordinal,22,5,2,193,49,114,79,29,20,0.8448275862068966,0.8534457586097349,0.8367346938775511,0.8620689655172413,0.8620689655172413,0.8620689655172413,Boosting: LightGBM
LAD,LightGBM,Config_A_Ordinal,23,5,3,194,48,114,80,29,19,0.6896551724137931,0.7320093900829809,0.6875,0.71875,0.7931034482758621,0.7540983606557377,Boosting: LightGBM
LAD,LightGBM,Config_A_Ordinal,24,5,4,194,48,115,79,28,20,0.8696428571428572,0.8723744310519186,0.8125,0.8275862068965517,0.8571428571428571,0.8421052631578947,Boosting: LightGBM
LAD,LightGBM,Config_A_Ordinal,25,5,5,194,48,115,79,28,20,0.9,0.92949964463965,0.7916666666666666,0.8214285714285714,0.8214285714285714,0.8214285714285714,Boosting: LightGBM
LAD,XGBoost,Config_B_OneHot,1,1,1,193,49,114,79,29,20,0.7672413793103449,0.8383633492943363,0.7551020408163265,0.7741935483870968,0.8275862068965517,0.8,Boosting: XGBoost
LAD,XGBoost,Config_B_OneHot,2,1,2,193,49,114,79,29,20,0.803448275862069,0.8599925103518645,0.673469387755102,0.7241379310344828,0.7241379310344828,0.7241379310344828,Boosting: XGBoost
LAD,XGBoost,Config_B_OneHot,3,1,3,194,48,114,80,29,19,0.8929219600725953,0.9178804474164561,0.8125,0.8571428571428571,0.8275862068965517,0.8421052631578947,Boosting: XGBoost
LAD,XGBoost,Config_B_OneHot,4,1,4,194,48,115,79,28,20,0.8142857142857143,0.8422962273075314,0.7291666666666666,0.7777777777777778,0.75,0.7636363636363637,Boosting: XGBoost
LAD,XGBoost,Config_B_OneHot,5,1,5,194,48,115,79,28,20,0.8321428571428572,0.8737802798274736,0.7708333333333334,0.7575757575757576,0.8928571428571429,0.819672131147541,Boosting: XGBoost
LAD,XGBoost,Config_B_OneHot,6,2,1,193,49,114,79,29,20,0.7603448275862068,0.7976498102232009,0.7142857142857143,0.7272727272727273,0.8275862068965517,0.7741935483870968,Boosting: XGBoost
LAD,XGBoost,Config_B_OneHot,7,2,2,193,49,114,79,29,20,0.7879310344827586,0.7989278176179625,0.7755102040816326,0.8214285714285714,0.7931034482758621,0.8070175438596491,Boosting: XGBoost
LAD,XGBoost,Config_B_OneHot,8,2,3,194,48,114,80,29,19,0.8911070780399273,0.9297887584930682,0.7708333333333334,0.8461538461538461,0.7586206896551724,0.8,Boosting: XGBoost
LAD,XGBoost,Config_B_OneHot,9,2,4,194,48,115,79,28,20,0.8696428571428572,0.8885102905473641,0.8333333333333334,0.8333333333333334,0.8928571428571429,0.8620689655172413,Boosting: XGBoost
LAD,XGBoost,Config_B_OneHot,10,2,5,194,48,115,79,28,20,0.8553571428571429,0.8663879211209838,0.8125,0.88,0.7857142857142857,0.8301886792452831,Boosting: XGBoost
LAD,XGBoost,Config_B_OneHot,11,3,1,193,49,114,79,29,20,0.9241379310344828,0.9436147164220817,0.8367346938775511,0.8620689655172413,0.8620689655172413,0.8620689655172413,Boosting: XGBoost
LAD,XGBoost,Config_B_OneHot,12,3,2,193,49,114,79,29,20,0.7775862068965517,0.8392133102671485,0.7142857142857143,0.7272727272727273,0.8275862068965517,0.7741935483870968,Boosting: XGBoost
LAD,XGBoost,Config_B_OneHot,13,3,3,194,48,114,80,29,19,0.8439201451905626,0.9056234542896624,0.7916666666666666,0.8518518518518519,0.7931034482758621,0.8214285714285714,Boosting: XGBoost
LAD,XGBoost,Config_B_OneHot,14,3,4,194,48,115,79,28,20,0.825,0.8635392105789015,0.7083333333333334,0.75,0.75,0.75,Boosting: XGBoost
LAD,XGBoost,Config_B_OneHot,15,3,5,194,48,115,79,28,20,0.8410714285714286,0.8523259200449494,0.75,0.8076923076923077,0.75,0.7777777777777778,Boosting: XGBoost
LAD,XGBoost,Config_B_OneHot,16,4,1,193,49,114,79,29,20,0.7620689655172413,0.7477690827233567,0.7959183673469388,0.8518518518518519,0.7931034482758621,0.8214285714285714,Boosting: XGBoost
LAD,XGBoost,Config_B_OneHot,17,4,2,193,49,114,79,29,20,0.8896551724137931,0.9095258203384856,0.8163265306122449,0.8333333333333334,0.8620689655172413,0.847457627118644,Boosting: XGBoost
LAD,XGBoost,Config_B_OneHot,18,4,3,194,48,114,80,29,19,0.7840290381125227,0.859304876007805,0.7708333333333334,0.8214285714285714,0.7931034482758621,0.8070175438596491,Boosting: XGBoost
LAD,XGBoost,Config_B_OneHot,19,4,4,194,48,115,79,28,20,0.8285714285714286,0.852727365116165,0.7708333333333334,0.7428571428571429,0.9285714285714286,0.8253968253968254,Boosting: XGBoost
LAD,XGBoost,Config_B_OneHot,20,4,5,194,48,115,79,28,20,0.8071428571428572,0.8328877382453868,0.75,0.7666666666666667,0.8214285714285714,0.7931034482758621,Boosting: XGBoost
LAD,XGBoost,Config_B_OneHot,21,5,1,193,49,114,79,29,20,0.8413793103448276,0.8948061116280146,0.7755102040816326,0.78125,0.8620689655172413,0.819672131147541,Boosting: XGBoost
LAD,XGBoost,Config_B_OneHot,22,5,2,193,49,114,79,29,20,0.8620689655172414,0.8820932901977093,0.8571428571428571,0.8928571428571429,0.8620689655172413,0.8771929824561403,Boosting: XGBoost
LAD,XGBoost,Config_B_OneHot,23,5,3,194,48,114,80,29,19,0.705989110707804,0.7325349744814742,0.7083333333333334,0.7272727272727273,0.8275862068965517,0.7741935483870968,Boosting: XGBoost
LAD,XGBoost,Config_B_OneHot,24,5,4,194,48,115,79,28,20,0.8410714285714286,0.8619409385605566,0.75,0.75,0.8571428571428571,0.8,Boosting: XGBoost
LAD,XGBoost,Config_B_OneHot,25,5,5,194,48,115,79,28,20,0.9071428571428571,0.9347156776396182,0.8333333333333334,0.8571428571428571,0.8571428571428571,0.8571428571428571,Boosting: XGBoost
LAD,LightGBM,Config_B_OneHot,1,1,1,193,49,114,79,29,20,0.7672413793103448,0.8210503044288583,0.7551020408163265,0.7741935483870968,0.8275862068965517,0.8,Boosting: LightGBM
LAD,LightGBM,Config_B_OneHot,2,1,2,193,49,114,79,29,20,0.8362068965517242,0.8778155165345433,0.7142857142857143,0.7419354838709677,0.7931034482758621,0.7666666666666667,Boosting: LightGBM
LAD,LightGBM,Config_B_OneHot,3,1,3,194,48,114,80,29,19,0.8874773139745916,0.902284517833621,0.8333333333333334,0.8620689655172413,0.8620689655172413,0.8620689655172413,Boosting: LightGBM
LAD,LightGBM,Config_B_OneHot,4,1,4,194,48,115,79,28,20,0.8321428571428572,0.8792525580593198,0.6875,0.7241379310344828,0.75,0.7368421052631579,Boosting: LightGBM
LAD,LightGBM,Config_B_OneHot,5,1,5,194,48,115,79,28,20,0.8196428571428571,0.8604957476248195,0.8125,0.8064516129032258,0.8928571428571429,0.847457627118644,Boosting: LightGBM
LAD,LightGBM,Config_B_OneHot,6,2,1,193,49,114,79,29,20,0.7672413793103449,0.7685351811170277,0.7346938775510204,0.7666666666666667,0.7931034482758621,0.7796610169491526,Boosting: LightGBM
LAD,LightGBM,Config_B_OneHot,7,2,2,193,49,114,79,29,20,0.8017241379310345,0.7934953267270907,0.7551020408163265,0.7931034482758621,0.7931034482758621,0.7931034482758621,Boosting: LightGBM
LAD,LightGBM,Config_B_OneHot,8,2,3,194,48,114,80,29,19,0.8493647912885662,0.9096642458198847,0.7708333333333334,0.78125,0.8620689655172413,0.819672131147541,Boosting: LightGBM
LAD,LightGBM,Config_B_OneHot,9,2,4,194,48,115,79,28,20,0.842857142857143,0.8550085437008295,0.75,0.8076923076923077,0.75,0.7777777777777778,Boosting: LightGBM
LAD,LightGBM,Config_B_OneHot,10,2,5,194,48,115,79,28,20,0.8375,0.8552738707320968,0.8125,0.8518518518518519,0.8214285714285714,0.8363636363636363,Boosting: LightGBM
LAD,LightGBM,Config_B_OneHot,11,3,1,193,49,114,79,29,20,0.8879310344827587,0.9050261021013674,0.8163265306122449,0.8333333333333334,0.8620689655172413,0.847457627118644,Boosting: LightGBM
LAD,LightGBM,Config_B_OneHot,12,3,2,193,49,114,79,29,20,0.7844827586206896,0.8357194348915399,0.7551020408163265,0.7575757575757576,0.8620689655172413,0.8064516129032258,Boosting: LightGBM
LAD,LightGBM,Config_B_OneHot,13,3,3,194,48,114,80,29,19,0.8620689655172414,0.9130107891900875,0.8125,0.8846153846153846,0.7931034482758621,0.8363636363636363,Boosting: LightGBM
LAD,LightGBM,Config_B_OneHot,14,3,4,194,48,115,79,28,20,0.8178571428571428,0.8455604714714018,0.75,0.7857142857142857,0.7857142857142857,0.7857142857142857,Boosting: LightGBM
LAD,LightGBM,Config_B_OneHot,15,3,5,194,48,115,79,28,20,0.8392857142857143,0.8735921233299305,0.7708333333333334,0.84,0.75,0.7924528301886793,Boosting: LightGBM
LAD,LightGBM,Config_B_OneHot,16,4,1,193,49,114,79,29,20,0.7948275862068965,0.8169418701522971,0.7755102040816326,0.8461538461538461,0.7586206896551724,0.8,Boosting: LightGBM
LAD,LightGBM,Config_B_OneHot,17,4,2,193,49,114,79,29,20,0.9120689655172414,0.9148029683087278,0.8979591836734694,0.9,0.9310344827586207,0.9152542372881356,Boosting: LightGBM
LAD,LightGBM,Config_B_OneHot,18,4,3,194,48,114,80,29,19,0.7749546279491832,0.8428516452480969,0.75,0.8148148148148148,0.7586206896551724,0.7857142857142857,Boosting: LightGBM
LAD,LightGBM,Config_B_OneHot,19,4,4,194,48,115,79,28,20,0.8357142857142857,0.8385170681766986,0.7708333333333334,0.7575757575757576,0.8928571428571429,0.819672131147541,Boosting: LightGBM
LAD,LightGBM,Config_B_OneHot,20,4,5,194,48,115,79,28,20,0.7910714285714286,0.8292844753187123,0.7291666666666666,0.7777777777777778,0.75,0.7636363636363637,Boosting: LightGBM
LAD,LightGBM,Config_B_OneHot,21,5,1,193,49,114,79,29,20,0.7982758620689656,0.8544532566078235,0.7959183673469388,0.8064516129032258,0.8620689655172413,0.8333333333333334,Boosting: LightGBM
LAD,LightGBM,Config_B_OneHot,22,5,2,193,49,114,79,29,20,0.8586206896551725,0.8719288280483561,0.8367346938775511,0.8620689655172413,0.8620689655172413,0.8620689655172413,Boosting: LightGBM
LAD,LightGBM,Config_B_OneHot,23,5,3,194,48,114,80,29,19,0.7005444646098004,0.7392404935892446,0.6458333333333334,0.7,0.7241379310344828,0.711864406779661,Boosting: LightGBM
LAD,LightGBM,Config_B_OneHot,24,5,4,194,48,115,79,28,20,0.8660714285714285,0.8693579171846892,0.8333333333333334,0.8333333333333334,0.8928571428571429,0.8620689655172413,Boosting: LightGBM
LAD,LightGBM,Config_B_OneHot,25,5,5,194,48,115,79,28,20,0.8928571428571428,0.9230384058611711,0.7708333333333334,0.7931034482758621,0.8214285714285714,0.8070175438596491,Boosting: LightGBM
LCX,XGBoost,Config_A_Ordinal,1,1,1,193,49,74,119,19,30,0.7017543859649122,0.5736962912978743,0.6122448979591837,0.5,0.3684210526315789,0.42424242424242425,Boosting: XGBoost
LCX,XGBoost,Config_A_Ordinal,2,1,2,193,49,74,119,19,30,0.768421052631579,0.7243549522406303,0.673469387755102,0.6363636363636364,0.3684210526315789,0.4666666666666667,Boosting: XGBoost
LCX,XGBoost,Config_A_Ordinal,3,1,3,194,48,74,120,19,29,0.7422867513611615,0.5865223275635247,0.75,0.6666666666666666,0.7368421052631579,0.7,Boosting: XGBoost
LCX,XGBoost,Config_A_Ordinal,4,1,4,194,48,75,119,18,30,0.7259259259259259,0.6060266516029784,0.6666666666666666,0.5714285714285714,0.4444444444444444,0.5,Boosting: XGBoost
LCX,XGBoost,Config_A_Ordinal,5,1,5,194,48,75,119,18,30,0.737037037037037,0.6168148746014168,0.6875,0.5714285714285714,0.6666666666666666,0.6153846153846154,Boosting: XGBoost
LCX,XGBoost,Config_A_Ordinal,6,2,1,193,49,74,119,19,30,0.7508771929824561,0.5819205638234978,0.7142857142857143,0.631578947368421,0.631578947368421,0.631578947368421,Boosting: XGBoost
LCX,XGBoost,Config_A_Ordinal,7,2,2,193,49,74,119,19,30,0.6631578947368422,0.6268095466624879,0.6530612244897959,0.6,0.3157894736842105,0.41379310344827586,Boosting: XGBoost
LCX,XGBoost,Config_A_Ordinal,8,2,3,194,48,74,120,19,29,0.8911070780399274,0.8612354621190371,0.7708333333333334,0.9,0.47368421052631576,0.6206896551724138,Boosting: XGBoost
LCX,XGBoost,Config_A_Ordinal,9,2,4,194,48,75,119,18,30,0.7796296296296296,0.591289184941314,0.7291666666666666,0.6923076923076923,0.5,0.5806451612903226,Boosting: XGBoost
LCX,XGBoost,Config_A_Ordinal,10,2,5,194,48,75,119,18,30,0.7333333333333334,0.6791733794047817,0.6875,0.5652173913043478,0.7222222222222222,0.6341463414634146,Boosting: XGBoost
LCX,XGBoost,Config_A_Ordinal,11,3,1,193,49,74,119,19,30,0.7736842105263158,0.6443011916408314,0.7142857142857143,0.6666666666666666,0.5263157894736842,0.5882352941176471,Boosting: XGBoost
LCX,XGBoost,Config_A_Ordinal,12,3,2,193,49,74,119,19,30,0.7947368421052632,0.676160507185438,0.673469387755102,0.5882352941176471,0.5263157894736842,0.5555555555555556,Boosting: XGBoost
LCX,XGBoost,Config_A_Ordinal,13,3,3,194,48,74,120,19,29,0.6896551724137931,0.6053034700403122,0.6666666666666666,0.6153846153846154,0.42105263157894735,0.5,Boosting: XGBoost
LCX,XGBoost,Config_A_Ordinal,14,3,4,194,48,75,119,18,30,0.6444444444444444,0.5453269711523384,0.625,0.5,0.3888888888888889,0.4375,Boosting: XGBoost
LCX,XGBoost,Config_A_Ordinal,15,3,5,194,48,75,119,18,30,0.8388888888888888,0.7799408513414997,0.75,0.6666666666666666,0.6666666666666666,0.6666666666666666,Boosting: XGBoost
LCX,XGBoost,Config_A_Ordinal,16,4,1,193,49,74,119,19,30,0.7175438596491228,0.6502983043674224,0.7142857142857143,0.6666666666666666,0.5263157894736842,0.5882352941176471,Boosting: XGBoost
LCX,XGBoost,Config_A_Ordinal,17,4,2,193,49,74,119,19,30,0.7385964912280703,0.6229409598579678,0.673469387755102,0.6,0.47368421052631576,0.5294117647058824,Boosting: XGBoost
LCX,XGBoost,Config_A_Ordinal,18,4,3,194,48,74,120,19,29,0.8130671506352087,0.7314154530536278,0.7083333333333334,0.6190476190476191,0.6842105263157895,0.65,Boosting: XGBoost
LCX,XGBoost,Config_A_Ordinal,19,4,4,194,48,75,119,18,30,0.6777777777777778,0.646905517046182,0.625,0.5,0.5,0.5,Boosting: XGBoost
LCX,XGBoost,Config_A_Ordinal,20,4,5,194,48,75,119,18,30,0.7759259259259258,0.7080662761822183,0.7291666666666666,0.6923076923076923,0.5,0.5806451612903226,Boosting: XGBoost
LCX,XGBoost,Config_A_Ordinal,21,5,1,193,49,74,119,19,30,0.7263157894736842,0.5997488544800975,0.7346938775510204,0.65,0.6842105263157895,0.6666666666666666,Boosting: XGBoost
LCX,XGBoost,Config_A_Ordinal,22,5,2,193,49,74,119,19,30,0.8701754385964912,0.7670020997511633,0.7346938775510204,0.75,0.47368421052631576,0.5806451612903226,Boosting: XGBoost
LCX,XGBoost,Config_A_Ordinal,23,5,3,194,48,74,120,19,29,0.6497277676950998,0.5299335493187657,0.5625,0.42857142857142855,0.3157894736842105,0.36363636363636365,Boosting: XGBoost
LCX,XGBoost,Config_A_Ordinal,24,5,4,194,48,75,119,18,30,0.7000000000000001,0.5777113923003138,0.6666666666666666,0.5714285714285714,0.4444444444444444,0.5,Boosting: XGBoost
LCX,XGBoost,Config_A_Ordinal,25,5,5,194,48,75,119,18,30,0.7814814814814814,0.7054856357412949,0.7083333333333334,0.6,0.6666666666666666,0.631578947368421,Boosting: XGBoost
LCX,LightGBM,Config_A_Ordinal,1,1,1,193,49,74,119,19,30,0.6631578947368421,0.5360939984631081,0.6122448979591837,0.5,0.42105263157894735,0.45714285714285713,Boosting: LightGBM
LCX,LightGBM,Config_A_Ordinal,2,1,2,193,49,74,119,19,30,0.7456140350877193,0.7073560916589459,0.6530612244897959,0.5833333333333334,0.3684210526315789,0.45161290322580644,Boosting: LightGBM
LCX,LightGBM,Config_A_Ordinal,3,1,3,194,48,74,120,19,29,0.7985480943738656,0.6494902011534259,0.7083333333333334,0.631578947368421,0.631578947368421,0.631578947368421,Boosting: LightGBM
LCX,LightGBM,Config_A_Ordinal,4,1,4,194,48,75,119,18,30,0.7574074074074074,0.6806978580189776,0.7083333333333334,0.6428571428571429,0.5,0.5625,Boosting: LightGBM
LCX,LightGBM,Config_A_Ordinal,5,1,5,194,48,75,119,18,30,0.7296296296296296,0.6212229936266189,0.6666666666666666,0.5454545454545454,0.6666666666666666,0.6,Boosting: LightGBM
LCX,LightGBM,Config_A_Ordinal,6,2,1,193,49,74,119,19,30,0.724561403508772,0.5808708638021816,0.6530612244897959,0.5833333333333334,0.3684210526315789,0.45161290322580644,Boosting: LightGBM
LCX,LightGBM,Config_A_Ordinal,7,2,2,193,49,74,119,19,30,0.6491228070175439,0.6512183902071991,0.673469387755102,0.6153846153846154,0.42105263157894735,0.5,Boosting: LightGBM
LCX,LightGBM,Config_A_Ordinal,8,2,3,194,48,74,120,19,29,0.8892921960072595,0.8165462182296548,0.6666666666666666,0.6666666666666666,0.3157894736842105,0.42857142857142855,Boosting: LightGBM
LCX,LightGBM,Config_A_Ordinal,9,2,4,194,48,75,119,18,30,0.8185185185185185,0.6402284016770601,0.7083333333333334,0.625,0.5555555555555556,0.5882352941176471,Boosting: LightGBM
LCX,LightGBM,Config_A_Ordinal,10,2,5,194,48,75,119,18,30,0.6611111111111111,0.5818493604279582,0.6458333333333334,0.5263157894736842,0.5555555555555556,0.5405405405405406,Boosting: LightGBM
LCX,LightGBM,Config_A_Ordinal,11,3,1,193,49,74,119,19,30,0.7035087719298245,0.5707446289497256,0.6326530612244898,0.5294117647058824,0.47368421052631576,0.5,Boosting: LightGBM
LCX,LightGBM,Config_A_Ordinal,12,3,2,193,49,74,119,19,30,0.7403508771929825,0.5726427065814939,0.6530612244897959,0.5555555555555556,0.5263157894736842,0.5405405405405406,Boosting: LightGBM
LCX,LightGBM,Config_A_Ordinal,13,3,3,194,48,74,120,19,29,0.7332123411978222,0.6157258672898667,0.6875,0.6666666666666666,0.42105263157894735,0.5161290322580645,Boosting: LightGBM
LCX,LightGBM,Config_A_Ordinal,14,3,4,194,48,75,119,18,30,0.6481481481481481,0.5442531415979085,0.625,0.5,0.4444444444444444,0.47058823529411764,Boosting: LightGBM
LCX,LightGBM,Config_A_Ordinal,15,3,5,194,48,75,119,18,30,0.8592592592592592,0.8044565637702892,0.75,0.65,0.7222222222222222,0.6842105263157895,Boosting: LightGBM
LCX,LightGBM,Config_A_Ordinal,16,4,1,193,49,74,119,19,30,0.6929824561403508,0.6044908274906644,0.7142857142857143,0.6666666666666666,0.5263157894736842,0.5882352941176471,Boosting: LightGBM
LCX,LightGBM,Config_A_Ordinal,17,4,2,193,49,74,119,19,30,0.768421052631579,0.6667357068723945,0.6938775510204082,0.625,0.5263157894736842,0.5714285714285714,Boosting: LightGBM
LCX,LightGBM,Config_A_Ordinal,18,4,3,194,48,74,120,19,29,0.8094373865698729,0.7732637267742208,0.7291666666666666,0.6363636363636364,0.7368421052631579,0.6829268292682927,Boosting: LightGBM
LCX,LightGBM,Config_A_Ordinal,19,4,4,194,48,75,119,18,30,0.7074074074074075,0.6610853429612102,0.6458333333333334,0.5294117647058824,0.5,0.5142857142857142,Boosting: LightGBM
LCX,LightGBM,Config_A_Ordinal,20,4,5,194,48,75,119,18,30,0.7444444444444445,0.7122575893072365,0.6875,0.6153846153846154,0.4444444444444444,0.5161290322580645,Boosting: LightGBM
LCX,LightGBM,Config_A_Ordinal,21,5,1,193,49,74,119,19,30,0.7052631578947368,0.538955545294537,0.673469387755102,0.5714285714285714,0.631578947368421,0.6,Boosting: LightGBM
LCX,LightGBM,Config_A_Ordinal,22,5,2,193,49,74,119,19,30,0.8350877192982455,0.7639585593775604,0.7755102040816326,0.8333333333333334,0.5263157894736842,0.6451612903225806,Boosting: LightGBM
LCX,LightGBM,Config_A_Ordinal,23,5,3,194,48,74,120,19,29,0.6388384754990925,0.47027506383913703,0.625,0.5333333333333333,0.42105263157894735,0.47058823529411764,Boosting: LightGBM
LCX,LightGBM,Config_A_Ordinal,24,5,4,194,48,75,119,18,30,0.6796296296296296,0.5648292792401932,0.6666666666666666,0.5833333333333334,0.3888888888888889,0.4666666666666667,Boosting: LightGBM
LCX,LightGBM,Config_A_Ordinal,25,5,5,194,48,75,119,18,30,0.7611111111111111,0.6570940097056199,0.625,0.5,0.6666666666666666,0.5714285714285714,Boosting: LightGBM
LCX,XGBoost,Config_B_OneHot,1,1,1,193,49,74,119,19,30,0.7000000000000001,0.5678102103605549,0.5918367346938775,0.46153846153846156,0.3157894736842105,0.375,Boosting: XGBoost
LCX,XGBoost,Config_B_OneHot,2,1,2,193,49,74,119,19,30,0.7666666666666666,0.7281143854512091,0.7142857142857143,0.7272727272727273,0.42105263157894735,0.5333333333333333,Boosting: XGBoost
LCX,XGBoost,Config_B_OneHot,3,1,3,194,48,74,120,19,29,0.7622504537205081,0.6052456641180772,0.75,0.6842105263157895,0.6842105263157895,0.6842105263157895,Boosting: XGBoost
LCX,XGBoost,Config_B_OneHot,4,1,4,194,48,75,119,18,30,0.7555555555555555,0.6304663525329159,0.6875,0.5882352941176471,0.5555555555555556,0.5714285714285714,Boosting: XGBoost
LCX,XGBoost,Config_B_OneHot,5,1,5,194,48,75,119,18,30,0.7481481481481481,0.642228481395148,0.6458333333333334,0.5238095238095238,0.6111111111111112,0.5641025641025641,Boosting: XGBoost
LCX,XGBoost,Config_B_OneHot,6,2,1,193,49,74,119,19,30,0.7508771929824561,0.6175643432412263,0.673469387755102,0.5882352941176471,0.5263157894736842,0.5555555555555556,Boosting: XGBoost
LCX,XGBoost,Config_B_OneHot,7,2,2,193,49,74,119,19,30,0.6754385964912281,0.6316486073418879,0.6530612244897959,0.6,0.3157894736842105,0.41379310344827586,Boosting: XGBoost
LCX,XGBoost,Config_B_OneHot,8,2,3,194,48,74,120,19,29,0.8947368421052632,0.8677524728465742,0.7708333333333334,0.9,0.47368421052631576,0.6206896551724138,Boosting: XGBoost
LCX,XGBoost,Config_B_OneHot,9,2,4,194,48,75,119,18,30,0.798148148148148,0.6138389331511536,0.7083333333333334,0.6428571428571429,0.5,0.5625,Boosting: XGBoost
LCX,XGBoost,Config_B_OneHot,10,2,5,194,48,75,119,18,30,0.7481481481481482,0.6898182655451467,0.6666666666666666,0.5454545454545454,0.6666666666666666,0.6,Boosting: XGBoost
LCX,XGBoost,Config_B_OneHot,11,3,1,193,49,74,119,19,30,0.7526315789473684,0.6276741441831295,0.6938775510204082,0.6111111111111112,0.5789473684210527,0.5945945945945946,Boosting: XGBoost
LCX,XGBoost,Config_B_OneHot,12,3,2,193,49,74,119,19,30,0.8070175438596492,0.6603353715840875,0.6530612244897959,0.5555555555555556,0.5263157894736842,0.5405405405405406,Boosting: XGBoost
LCX,XGBoost,Config_B_OneHot,13,3,3,194,48,74,120,19,29,0.7168784029038112,0.6344712785298077,0.6666666666666666,0.6363636363636364,0.3684210526315789,0.4666666666666667,Boosting: XGBoost
LCX,XGBoost,Config_B_OneHot,14,3,4,194,48,75,119,18,30,0.6314814814814815,0.5215604080570478,0.5833333333333334,0.42857142857142855,0.3333333333333333,0.375,Boosting: XGBoost
LCX,XGBoost,Config_B_OneHot,15,3,5,194,48,75,119,18,30,0.8351851851851851,0.7447909952970357,0.7708333333333334,0.6842105263157895,0.7222222222222222,0.7027027027027027,Boosting: XGBoost
LCX,XGBoost,Config_B_OneHot,16,4,1,193,49,74,119,19,30,0.7263157894736842,0.6155494761975415,0.7142857142857143,0.6666666666666666,0.5263157894736842,0.5882352941176471,Boosting: XGBoost
LCX,XGBoost,Config_B_OneHot,17,4,2,193,49,74,119,19,30,0.7491228070175439,0.6742943675572852,0.6530612244897959,0.5714285714285714,0.42105263157894735,0.48484848484848486,Boosting: XGBoost
LCX,XGBoost,Config_B_OneHot,18,4,3,194,48,74,120,19,29,0.8166969147005445,0.7234272101709517,0.75,0.6666666666666666,0.7368421052631579,0.7,Boosting: XGBoost
LCX,XGBoost,Config_B_OneHot,19,4,4,194,48,75,119,18,30,0.6814814814814815,0.6338956166107907,0.6458333333333334,0.5294117647058824,0.5,0.5142857142857142,Boosting: XGBoost
LCX,XGBoost,Config_B_OneHot,20,4,5,194,48,75,119,18,30,0.7666666666666666,0.7106504573594232,0.7291666666666666,0.6923076923076923,0.5,0.5806451612903226,Boosting: XGBoost
LCX,XGBoost,Config_B_OneHot,21,5,1,193,49,74,119,19,30,0.7017543859649122,0.5446709024567093,0.7142857142857143,0.631578947368421,0.631578947368421,0.631578947368421,Boosting: XGBoost
LCX,XGBoost,Config_B_OneHot,22,5,2,193,49,74,119,19,30,0.868421052631579,0.8250519992565246,0.7346938775510204,0.75,0.47368421052631576,0.5806451612903226,Boosting: XGBoost
LCX,XGBoost,Config_B_OneHot,23,5,3,194,48,74,120,19,29,0.646098003629764,0.5340653862646982,0.6041666666666666,0.5,0.42105263157894735,0.45714285714285713,Boosting: XGBoost
LCX,XGBoost,Config_B_OneHot,24,5,4,194,48,75,119,18,30,0.7,0.5565807198721004,0.625,0.5,0.3333333333333333,0.4,Boosting: XGBoost
LCX,XGBoost,Config_B_OneHot,25,5,5,194,48,75,119,18,30,0.7574074074074074,0.6885669161066957,0.6875,0.5652173913043478,0.7222222222222222,0.6341463414634146,Boosting: XGBoost
LCX,LightGBM,Config_B_OneHot,1,1,1,193,49,74,119,19,30,0.6421052631578947,0.547890453444626,0.5918367346938775,0.4666666666666667,0.3684210526315789,0.4117647058823529,Boosting: LightGBM
LCX,LightGBM,Config_B_OneHot,2,1,2,193,49,74,119,19,30,0.6964912280701754,0.6460270510077011,0.673469387755102,0.6153846153846154,0.42105263157894735,0.5,Boosting: LightGBM
LCX,LightGBM,Config_B_OneHot,3,1,3,194,48,74,120,19,29,0.7967332123411978,0.6548939592586113,0.7083333333333334,0.6190476190476191,0.6842105263157895,0.65,Boosting: LightGBM
LCX,LightGBM,Config_B_OneHot,4,1,4,194,48,75,119,18,30,0.7259259259259259,0.6365279274102804,0.6875,0.6,0.5,0.5454545454545454,Boosting: LightGBM
LCX,LightGBM,Config_B_OneHot,5,1,5,194,48,75,119,18,30,0.6981481481481481,0.5764122344611158,0.6666666666666666,0.5416666666666666,0.7222222222222222,0.6190476190476191,Boosting: LightGBM
LCX,LightGBM,Config_B_OneHot,6,2,1,193,49,74,119,19,30,0.7000000000000001,0.5852760894313005,0.6530612244897959,0.5714285714285714,0.42105263157894735,0.48484848484848486,Boosting: LightGBM
LCX,LightGBM,Config_B_OneHot,7,2,2,193,49,74,119,19,30,0.6333333333333333,0.6235955422458834,0.6530612244897959,0.5714285714285714,0.42105263157894735,0.48484848484848486,Boosting: LightGBM
LCX,LightGBM,Config_B_OneHot,8,2,3,194,48,74,120,19,29,0.8911070780399275,0.8193583472743065,0.7083333333333334,0.7777777777777778,0.3684210526315789,0.5,Boosting: LightGBM
LCX,LightGBM,Config_B_OneHot,9,2,4,194,48,75,119,18,30,0.8092592592592592,0.6311169771209912,0.7291666666666666,0.6470588235294118,0.6111111111111112,0.6285714285714286,Boosting: LightGBM
LCX,LightGBM,Config_B_OneHot,10,2,5,194,48,75,119,18,30,0.6537037037037037,0.5623445865515693,0.625,0.5,0.6111111111111112,0.55,Boosting: LightGBM
LCX,LightGBM,Config_B_OneHot,11,3,1,193,49,74,119,19,30,0.7298245614035088,0.5989017980073486,0.7142857142857143,0.631578947368421,0.631578947368421,0.631578947368421,Boosting: LightGBM
LCX,LightGBM,Config_B_OneHot,12,3,2,193,49,74,119,19,30,0.763157894736842,0.6046436203507338,0.6938775510204082,0.625,0.5263157894736842,0.5714285714285714,Boosting: LightGBM
LCX,LightGBM,Config_B_OneHot,13,3,3,194,48,74,120,19,29,0.7332123411978221,0.603029646832808,0.625,0.5454545454545454,0.3157894736842105,0.4,Boosting: LightGBM
LCX,LightGBM,Config_B_OneHot,14,3,4,194,48,75,119,18,30,0.6648148148148147,0.5605304317118379,0.6041666666666666,0.4666666666666667,0.3888888888888889,0.42424242424242425,Boosting: LightGBM
LCX,LightGBM,Config_B_OneHot,15,3,5,194,48,75,119,18,30,0.8462962962962962,0.7906261004780152,0.75,0.6363636363636364,0.7777777777777778,0.7,Boosting: LightGBM
LCX,LightGBM,Config_B_OneHot,16,4,1,193,49,74,119,19,30,0.7087719298245614,0.6382274470381692,0.6938775510204082,0.6428571428571429,0.47368421052631576,0.5454545454545454,Boosting: LightGBM
LCX,LightGBM,Config_B_OneHot,17,4,2,193,49,74,119,19,30,0.7491228070175439,0.6487770630494794,0.6530612244897959,0.5625,0.47368421052631576,0.5142857142857142,Boosting: LightGBM
LCX,LightGBM,Config_B_OneHot,18,4,3,194,48,74,120,19,29,0.8130671506352087,0.7634779163030546,0.75,0.6666666666666666,0.7368421052631579,0.7,Boosting: LightGBM
LCX,LightGBM,Config_B_OneHot,19,4,4,194,48,75,119,18,30,0.6981481481481482,0.6762093080722755,0.6458333333333334,0.5294117647058824,0.5,0.5142857142857142,Boosting: LightGBM
LCX,LightGBM,Config_B_OneHot,20,4,5,194,48,75,119,18,30,0.7148148148148149,0.6740911687641564,0.7083333333333334,0.6428571428571429,0.5,0.5625,Boosting: LightGBM
LCX,LightGBM,Config_B_OneHot,21,5,1,193,49,74,119,19,30,0.6719298245614035,0.5137439283776686,0.6938775510204082,0.6,0.631578947368421,0.6153846153846154,Boosting: LightGBM
LCX,LightGBM,Config_B_OneHot,22,5,2,193,49,74,119,19,30,0.8192982456140351,0.7917277556751241,0.7755102040816326,0.8333333333333334,0.5263157894736842,0.6451612903225806,Boosting: LightGBM
LCX,LightGBM,Config_B_OneHot,23,5,3,194,48,74,120,19,29,0.6225045372050816,0.46331519481996875,0.625,0.5333333333333333,0.42105263157894735,0.47058823529411764,Boosting: LightGBM
LCX,LightGBM,Config_B_OneHot,24,5,4,194,48,75,119,18,30,0.674074074074074,0.5425664769973858,0.6458333333333334,0.5294117647058824,0.5,0.5142857142857142,Boosting: LightGBM
LCX,LightGBM,Config_B_OneHot,25,5,5,194,48,75,119,18,30,0.7537037037037037,0.6528513396731846,0.6666666666666666,0.5416666666666666,0.7222222222222222,0.6190476190476191,Boosting: LightGBM
RCA,XGBoost,Config_A_Ordinal,1,1,1,193,49,75,118,19,30,0.7157894736842105,0.6457920468291525,0.6938775510204082,0.5909090909090909,0.6842105263157895,0.6341463414634146,Boosting: XGBoost
RCA,XGBoost,Config_A_Ordinal,2,1,2,193,49,75,118,19,30,0.6649122807017545,0.6008632264708116,0.6122448979591837,0.5,0.47368421052631576,0.4864864864864865,Boosting: XGBoost
RCA,XGBoost,Config_A_Ordinal,3,1,3,194,48,75,119,19,29,0.6588021778584392,0.5283350590836813,0.625,0.5294117647058824,0.47368421052631576,0.5,Boosting: XGBoost
RCA,XGBoost,Config_A_Ordinal,4,1,4,194,48,75,119,19,29,0.793103448275862,0.7384797532580741,0.7291666666666666,0.7142857142857143,0.5263157894736842,0.6060606060606061,Boosting: XGBoost
RCA,XGBoost,Config_A_Ordinal,5,1,5,194,48,76,118,18,30,0.6574074074074074,0.5111303397640068,0.6458333333333334,0.5294117647058824,0.5,0.5142857142857142,Boosting: XGBoost
RCA,XGBoost,Config_A_Ordinal,6,2,1,193,49,75,118,19,30,0.6842105263157895,0.6498766430547798,0.6326530612244898,0.5333333333333333,0.42105263157894735,0.47058823529411764,Boosting: XGBoost
RCA,XGBoost,Config_A_Ordinal,7,2,2,193,49,75,118,19,30,0.5526315789473684,0.45450110207647154,0.5510204081632653,0.2857142857142857,0.10526315789473684,0.15384615384615385,Boosting: XGBoost
RCA,XGBoost,Config_A_Ordinal,8,2,3,194,48,75,119,19,29,0.7477313974591651,0.6835586973836,0.625,0.5238095238095238,0.5789473684210527,0.55,Boosting: XGBoost
RCA,XGBoost,Config_A_Ordinal,9,2,4,194,48,75,119,19,29,0.5771324863883847,0.47416382675571245,0.5833333333333334,0.4666666666666667,0.3684210526315789,0.4117647058823529,Boosting: XGBoost
RCA,XGBoost,Config_A_Ordinal,10,2,5,194,48,76,118,18,30,0.5796296296296297,0.4965171970515677,0.5833333333333334,0.4375,0.3888888888888889,0.4117647058823529,Boosting: XGBoost
RCA,XGBoost,Config_A_Ordinal,11,3,1,193,49,75,118,19,30,0.7456140350877192,0.6227002039395968,0.6938775510204082,0.6666666666666666,0.42105263157894735,0.5161290322580645,Boosting: XGBoost
RCA,XGBoost,Config_A_Ordinal,12,3,2,193,49,75,118,19,30,0.6649122807017545,0.6110985804152869,0.6326530612244898,0.5263157894736842,0.5263157894736842,0.5263157894736842,Boosting: XGBoost
RCA,XGBoost,Config_A_Ordinal,13,3,3,194,48,75,119,19,29,0.7005444646098004,0.5985947499558076,0.6458333333333334,0.5625,0.47368421052631576,0.5142857142857142,Boosting: XGBoost
RCA,XGBoost,Config_A_Ordinal,14,3,4,194,48,75,119,19,29,0.6588021778584392,0.6102284838491981,0.5416666666666666,0.4117647058823529,0.3684210526315789,0.3888888888888889,Boosting: XGBoost
RCA,XGBoost,Config_A_Ordinal,15,3,5,194,48,76,118,18,30,0.6796296296296296,0.6129175812339391,0.625,0.5,0.4444444444444444,0.47058823529411764,Boosting: XGBoost
RCA,XGBoost,Config_A_Ordinal,16,4,1,193,49,75,118,19,30,0.6789473684210526,0.5721571391015179,0.673469387755102,0.5789473684210527,0.5789473684210527,0.5789473684210527,Boosting: XGBoost
RCA,XGBoost,Config_A_Ordinal,17,4,2,193,49,75,118,19,30,0.6298245614035087,0.5303899043410342,0.5918367346938775,0.4444444444444444,0.21052631578947367,0.2857142857142857,Boosting: XGBoost
RCA,XGBoost,Config_A_Ordinal,18,4,3,194,48,75,119,19,29,0.6569872958257712,0.5350640817855759,0.6458333333333334,0.5625,0.47368421052631576,0.5142857142857142,Boosting: XGBoost
RCA,XGBoost,Config_A_Ordinal,19,4,4,194,48,75,119,19,29,0.7658802177858439,0.6368916466052689,0.75,0.6666666666666666,0.7368421052631579,0.7,Boosting: XGBoost
RCA,XGBoost,Config_A_Ordinal,20,4,5,194,48,76,118,18,30,0.6277777777777778,0.5245316189341649,0.6458333333333334,0.5333333333333333,0.4444444444444444,0.48484848484848486,Boosting: XGBoost
RCA,XGBoost,Config_A_Ordinal,21,5,1,193,49,75,118,19,30,0.7263157894736842,0.5872364327505275,0.6122448979591837,0.5,0.3684210526315789,0.42424242424242425,Boosting: XGBoost
RCA,XGBoost,Config_A_Ordinal,22,5,2,193,49,75,118,19,30,0.6385964912280702,0.5908883867176731,0.6326530612244898,0.5294117647058824,0.47368421052631576,0.5,Boosting: XGBoost
RCA,XGBoost,Config_A_Ordinal,23,5,3,194,48,75,119,19,29,0.8148820326678766,0.7326300124189591,0.7291666666666666,0.7142857142857143,0.5263157894736842,0.6060606060606061,Boosting: XGBoost
RCA,XGBoost,Config_A_Ordinal,24,5,4,194,48,75,119,19,29,0.7477313974591651,0.6832970479866357,0.6458333333333334,0.5714285714285714,0.42105263157894735,0.48484848484848486,Boosting: XGBoost
RCA,XGBoost,Config_A_Ordinal,25,5,5,194,48,76,118,18,30,0.7814814814814814,0.632962274080695,0.7083333333333334,0.6428571428571429,0.5,0.5625,Boosting: XGBoost
RCA,LightGBM,Config_A_Ordinal,1,1,1,193,49,75,118,19,30,0.6964912280701754,0.5812887396903652,0.673469387755102,0.5789473684210527,0.5789473684210527,0.5789473684210527,Boosting: LightGBM
RCA,LightGBM,Config_A_Ordinal,2,1,2,193,49,75,118,19,30,0.6473684210526316,0.5405739329518924,0.5510204081632653,0.4,0.3157894736842105,0.35294117647058826,Boosting: LightGBM
RCA,LightGBM,Config_A_Ordinal,3,1,3,194,48,75,119,19,29,0.6225045372050817,0.5219342913990661,0.5625,0.4444444444444444,0.42105263157894735,0.43243243243243246,Boosting: LightGBM
RCA,LightGBM,Config_A_Ordinal,4,1,4,194,48,75,119,19,29,0.7568058076225045,0.7478336926347195,0.75,0.7333333333333333,0.5789473684210527,0.6470588235294118,Boosting: LightGBM
RCA,LightGBM,Config_A_Ordinal,5,1,5,194,48,76,118,18,30,0.5796296296296296,0.46142595178349977,0.5625,0.4117647058823529,0.3888888888888889,0.4,Boosting: LightGBM
RCA,LightGBM,Config_A_Ordinal,6,2,1,193,49,75,118,19,30,0.724561403508772,0.6954664693744155,0.6938775510204082,0.6428571428571429,0.47368421052631576,0.5454545454545454,Boosting: LightGBM
RCA,LightGBM,Config_A_Ordinal,7,2,2,193,49,75,118,19,30,0.5649122807017544,0.45053189622547085,0.5510204081632653,0.3333333333333333,0.15789473684210525,0.21428571428571427,Boosting: LightGBM
RCA,LightGBM,Config_A_Ordinal,8,2,3,194,48,75,119,19,29,0.7658802177858439,0.6462938288176154,0.75,0.64,0.8421052631578947,0.7272727272727273,Boosting: LightGBM
RCA,LightGBM,Config_A_Ordinal,9,2,4,194,48,75,119,19,29,0.6388384754990925,0.5377370817572703,0.6041666666666666,0.5,0.47368421052631576,0.4864864864864865,Boosting: LightGBM
RCA,LightGBM,Config_A_Ordinal,10,2,5,194,48,76,118,18,30,0.6092592592592593,0.5426282364472981,0.5833333333333334,0.4375,0.3888888888888889,0.4117647058823529,Boosting: LightGBM
RCA,LightGBM,Config_A_Ordinal,11,3,1,193,49,75,118,19,30,0.7228070175438597,0.5934263596621268,0.6530612244897959,0.5714285714285714,0.42105263157894735,0.48484848484848486,Boosting: LightGBM
RCA,LightGBM,Config_A_Ordinal,12,3,2,193,49,75,118,19,30,0.6350877192982456,0.533692217235646,0.6326530612244898,0.5263157894736842,0.5263157894736842,0.5263157894736842,Boosting: LightGBM
RCA,LightGBM,Config_A_Ordinal,13,3,3,194,48,75,119,19,29,0.7568058076225045,0.6616304138871725,0.6458333333333334,0.5555555555555556,0.5263157894736842,0.5405405405405406,Boosting: LightGBM
RCA,LightGBM,Config_A_Ordinal,14,3,4,194,48,75,119,19,29,0.6297640653357531,0.5831830775095016,0.625,0.5294117647058824,0.47368421052631576,0.5,Boosting: LightGBM
RCA,LightGBM,Config_A_Ordinal,15,3,5,194,48,76,118,18,30,0.6555555555555554,0.5615694986918116,0.5416666666666666,0.3888888888888889,0.3888888888888889,0.3888888888888889,Boosting: LightGBM
RCA,LightGBM,Config_A_Ordinal,16,4,1,193,49,75,118,19,30,0.6614035087719299,0.5318630400673744,0.6530612244897959,0.55,0.5789473684210527,0.5641025641025641,Boosting: LightGBM
RCA,LightGBM,Config_A_Ordinal,17,4,2,193,49,75,118,19,30,0.6543859649122806,0.5563752644949453,0.6326530612244898,0.5555555555555556,0.2631578947368421,0.35714285714285715,Boosting: LightGBM
RCA,LightGBM,Config_A_Ordinal,18,4,3,194,48,75,119,19,29,0.6896551724137931,0.5227151837420987,0.625,0.5333333333333333,0.42105263157894735,0.47058823529411764,Boosting: LightGBM
RCA,LightGBM,Config_A_Ordinal,19,4,4,194,48,75,119,19,29,0.7568058076225046,0.622210883371874,0.7708333333333334,0.7222222222222222,0.6842105263157895,0.7027027027027027,Boosting: LightGBM
RCA,LightGBM,Config_A_Ordinal,20,4,5,194,48,76,118,18,30,0.6574074074074074,0.5615021242098542,0.6666666666666666,0.5555555555555556,0.5555555555555556,0.5555555555555556,Boosting: LightGBM
RCA,LightGBM,Config_A_Ordinal,21,5,1,193,49,75,118,19,30,0.7578947368421053,0.5984898944051968,0.6938775510204082,0.6111111111111112,0.5789473684210527,0.5945945945945946,Boosting: LightGBM
RCA,LightGBM,Config_A_Ordinal,22,5,2,193,49,75,118,19,30,0.6052631578947368,0.5478586350799282,0.6122448979591837,0.5,0.47368421052631576,0.4864864864864865,Boosting: LightGBM
RCA,LightGBM,Config_A_Ordinal,23,5,3,194,48,75,119,19,29,0.8021778584392013,0.7127585849722426,0.7291666666666666,0.7142857142857143,0.5263157894736842,0.6060606060606061,Boosting: LightGBM
RCA,LightGBM,Config_A_Ordinal,24,5,4,194,48,75,119,19,29,0.6878402903811252,0.5800234552940043,0.6875,0.6428571428571429,0.47368421052631576,0.5454545454545454,Boosting: LightGBM
RCA,LightGBM,Config_A_Ordinal,25,5,5,194,48,76,118,18,30,0.7407407407407407,0.5814198444976229,0.6458333333333334,0.5294117647058824,0.5,0.5142857142857142,Boosting: LightGBM
RCA,XGBoost,Config_B_OneHot,1,1,1,193,49,75,118,19,30,0.712280701754386,0.5999490949059141,0.673469387755102,0.5714285714285714,0.631578947368421,0.6,Boosting: XGBoost
RCA,XGBoost,Config_B_OneHot,2,1,2,193,49,75,118,19,30,0.6421052631578947,0.521941228376021,0.5918367346938775,0.47368421052631576,0.47368421052631576,0.47368421052631576,Boosting: XGBoost
RCA,XGBoost,Config_B_OneHot,3,1,3,194,48,75,119,19,29,0.6370235934664247,0.5290728254033294,0.5833333333333334,0.4666666666666667,0.3684210526315789,0.4117647058823529,Boosting: XGBoost
RCA,XGBoost,Config_B_OneHot,4,1,4,194,48,75,119,19,29,0.7840290381125227,0.756657657115323,0.75,0.7333333333333333,0.5789473684210527,0.6470588235294118,Boosting: XGBoost
RCA,XGBoost,Config_B_OneHot,5,1,5,194,48,76,118,18,30,0.6425925925925926,0.5274933010608023,0.625,0.5,0.4444444444444444,0.47058823529411764,Boosting: XGBoost
RCA,XGBoost,Config_B_OneHot,6,2,1,193,49,75,118,19,30,0.6964912280701754,0.6561103465890095,0.6122448979591837,0.5,0.3684210526315789,0.42424242424242425,Boosting: XGBoost
RCA,XGBoost,Config_B_OneHot,7,2,2,193,49,75,118,19,30,0.5456140350877192,0.44521975583146606,0.5306122448979592,0.3,0.15789473684210525,0.20689655172413793,Boosting: XGBoost
RCA,XGBoost,Config_B_OneHot,8,2,3,194,48,75,119,19,29,0.7695099818511796,0.7391481297069378,0.7083333333333334,0.6086956521739131,0.7368421052631579,0.6666666666666666,Boosting: XGBoost
RCA,XGBoost,Config_B_OneHot,9,2,4,194,48,75,119,19,29,0.5626134301270418,0.46657523276175294,0.5416666666666666,0.4117647058823529,0.3684210526315789,0.3888888888888889,Boosting: XGBoost
RCA,XGBoost,Config_B_OneHot,10,2,5,194,48,76,118,18,30,0.5574074074074075,0.47649272731536907,0.6041666666666666,0.47058823529411764,0.4444444444444444,0.45714285714285713,Boosting: XGBoost
RCA,XGBoost,Config_B_OneHot,11,3,1,193,49,75,118,19,30,0.7719298245614035,0.6625330067940487,0.7346938775510204,0.7142857142857143,0.5263157894736842,0.6060606060606061,Boosting: XGBoost
RCA,XGBoost,Config_B_OneHot,12,3,2,193,49,75,118,19,30,0.6771929824561403,0.6123503763352749,0.6122448979591837,0.5,0.5263157894736842,0.5128205128205128,Boosting: XGBoost
RCA,XGBoost,Config_B_OneHot,13,3,3,194,48,75,119,19,29,0.6878402903811252,0.5622091965615632,0.6458333333333334,0.5625,0.47368421052631576,0.5142857142857142,Boosting: XGBoost
RCA,XGBoost,Config_B_OneHot,14,3,4,194,48,75,119,19,29,0.6279491833030852,0.5792958563726534,0.5833333333333334,0.46153846153846156,0.3157894736842105,0.375,Boosting: XGBoost
RCA,XGBoost,Config_B_OneHot,15,3,5,194,48,76,118,18,30,0.6814814814814815,0.6208842969737195,0.5833333333333334,0.4375,0.3888888888888889,0.4117647058823529,Boosting: XGBoost
RCA,XGBoost,Config_B_OneHot,16,4,1,193,49,75,118,19,30,0.6912280701754386,0.5904864864521502,0.7142857142857143,0.6190476190476191,0.6842105263157895,0.65,Boosting: XGBoost
RCA,XGBoost,Config_B_OneHot,17,4,2,193,49,75,118,19,30,0.6280701754385964,0.5360848167511734,0.6122448979591837,0.5,0.2631578947368421,0.3448275862068966,Boosting: XGBoost
RCA,XGBoost,Config_B_OneHot,18,4,3,194,48,75,119,19,29,0.631578947368421,0.5318361458212002,0.6041666666666666,0.5,0.42105263157894735,0.45714285714285713,Boosting: XGBoost
RCA,XGBoost,Config_B_OneHot,19,4,4,194,48,75,119,19,29,0.764065335753176,0.6534544104362436,0.7083333333333334,0.631578947368421,0.631578947368421,0.631578947368421,Boosting: XGBoost
RCA,XGBoost,Config_B_OneHot,20,4,5,194,48,76,118,18,30,0.6722222222222223,0.5341157951308625,0.6458333333333334,0.5333333333333333,0.4444444444444444,0.48484848484848486,Boosting: XGBoost
RCA,XGBoost,Config_B_OneHot,21,5,1,193,49,75,118,19,30,0.7385964912280701,0.6061146111048288,0.6530612244897959,0.5625,0.47368421052631576,0.5142857142857142,Boosting: XGBoost
RCA,XGBoost,Config_B_OneHot,22,5,2,193,49,75,118,19,30,0.656140350877193,0.6021421590818874,0.6326530612244898,0.5294117647058824,0.47368421052631576,0.5,Boosting: XGBoost
RCA,XGBoost,Config_B_OneHot,23,5,3,194,48,75,119,19,29,0.8003629764065335,0.7207142459104925,0.7083333333333334,0.6923076923076923,0.47368421052631576,0.5625,Boosting: XGBoost
RCA,XGBoost,Config_B_OneHot,24,5,4,194,48,75,119,19,29,0.7078039927404718,0.6150047421181526,0.625,0.5454545454545454,0.3157894736842105,0.4,Boosting: XGBoost
RCA,XGBoost,Config_B_OneHot,25,5,5,194,48,76,118,18,30,0.7759259259259259,0.652436120119257,0.7291666666666666,0.6666666666666666,0.5555555555555556,0.6060606060606061,Boosting: XGBoost
RCA,LightGBM,Config_B_OneHot,1,1,1,193,49,75,118,19,30,0.7210526315789474,0.6046573179588706,0.6938775510204082,0.6,0.631578947368421,0.6153846153846154,Boosting: LightGBM
RCA,LightGBM,Config_B_OneHot,2,1,2,193,49,75,118,19,30,0.6736842105263158,0.5923788565512169,0.5510204081632653,0.4,0.3157894736842105,0.35294117647058826,Boosting: LightGBM
RCA,LightGBM,Config_B_OneHot,3,1,3,194,48,75,119,19,29,0.6243194192377495,0.5237985830111711,0.625,0.5263157894736842,0.5263157894736842,0.5263157894736842,Boosting: LightGBM
RCA,LightGBM,Config_B_OneHot,4,1,4,194,48,75,119,19,29,0.7658802177858438,0.75232599968091,0.7083333333333334,0.6470588235294118,0.5789473684210527,0.6111111111111112,Boosting: LightGBM
RCA,LightGBM,Config_B_OneHot,5,1,5,194,48,76,118,18,30,0.6074074074074074,0.47129285176685715,0.5833333333333334,0.4375,0.3888888888888889,0.4117647058823529,Boosting: LightGBM
RCA,LightGBM,Config_B_OneHot,6,2,1,193,49,75,118,19,30,0.7157894736842105,0.6854874332296366,0.673469387755102,0.6,0.47368421052631576,0.5294117647058824,Boosting: LightGBM
RCA,LightGBM,Config_B_OneHot,7,2,2,193,49,75,118,19,30,0.6140350877192983,0.48355428913031234,0.6122448979591837,0.5,0.3157894736842105,0.3870967741935484,Boosting: LightGBM
RCA,LightGBM,Config_B_OneHot,8,2,3,194,48,75,119,19,29,0.7568058076225046,0.6889286209260918,0.6875,0.5909090909090909,0.6842105263157895,0.6341463414634146,Boosting: LightGBM
RCA,LightGBM,Config_B_OneHot,9,2,4,194,48,75,119,19,29,0.6460980036297641,0.5352747008120314,0.6041666666666666,0.5,0.47368421052631576,0.4864864864864865,Boosting: LightGBM
RCA,LightGBM,Config_B_OneHot,10,2,5,194,48,76,118,18,30,0.587037037037037,0.5262638184555748,0.5625,0.4117647058823529,0.3888888888888889,0.4,Boosting: LightGBM
RCA,LightGBM,Config_B_OneHot,11,3,1,193,49,75,118,19,30,0.7140350877192982,0.57534917889423,0.6122448979591837,0.5,0.3684210526315789,0.42424242424242425,Boosting: LightGBM
RCA,LightGBM,Config_B_OneHot,12,3,2,193,49,75,118,19,30,0.6368421052631579,0.5550137612829074,0.6326530612244898,0.5263157894736842,0.5263157894736842,0.5263157894736842,Boosting: LightGBM
RCA,LightGBM,Config_B_OneHot,13,3,3,194,48,75,119,19,29,0.736842105263158,0.6383441740559823,0.6458333333333334,0.5555555555555556,0.5263157894736842,0.5405405405405406,Boosting: LightGBM
RCA,LightGBM,Config_B_OneHot,14,3,4,194,48,75,119,19,29,0.6533575317604355,0.5970770072991234,0.625,0.5294117647058824,0.47368421052631576,0.5,Boosting: LightGBM
RCA,LightGBM,Config_B_OneHot,15,3,5,194,48,76,118,18,30,0.6685185185185185,0.5864406293201107,0.5833333333333334,0.4444444444444444,0.4444444444444444,0.4444444444444444,Boosting: LightGBM
RCA,LightGBM,Config_B_OneHot,16,4,1,193,49,75,118,19,30,0.6263157894736843,0.4835987331762205,0.6326530612244898,0.5263157894736842,0.5263157894736842,0.5263157894736842,Boosting: LightGBM
RCA,LightGBM,Config_B_OneHot,17,4,2,193,49,75,118,19,30,0.6421052631578946,0.5400316195257493,0.6326530612244898,0.5555555555555556,0.2631578947368421,0.35714285714285715,Boosting: LightGBM
RCA,LightGBM,Config_B_OneHot,18,4,3,194,48,75,119,19,29,0.6842105263157895,0.5505948933803526,0.625,0.5333333333333333,0.42105263157894735,0.47058823529411764,Boosting: LightGBM
RCA,LightGBM,Config_B_OneHot,19,4,4,194,48,75,119,19,29,0.780399274047187,0.6580089983413923,0.7083333333333334,0.631578947368421,0.631578947368421,0.631578947368421,Boosting: LightGBM
RCA,LightGBM,Config_B_OneHot,20,4,5,194,48,76,118,18,30,0.674074074074074,0.6151002183495198,0.6875,0.5882352941176471,0.5555555555555556,0.5714285714285714,Boosting: LightGBM
RCA,LightGBM,Config_B_OneHot,21,5,1,193,49,75,118,19,30,0.7578947368421052,0.5733320733047794,0.673469387755102,0.5882352941176471,0.5263157894736842,0.5555555555555556,Boosting: LightGBM
RCA,LightGBM,Config_B_OneHot,22,5,2,193,49,75,118,19,30,0.6315789473684211,0.5673289789501288,0.6530612244897959,0.5625,0.47368421052631576,0.5142857142857142,Boosting: LightGBM
RCA,LightGBM,Config_B_OneHot,23,5,3,194,48,75,119,19,29,0.7803992740471869,0.6973584065590057,0.75,0.7692307692307693,0.5263157894736842,0.625,Boosting: LightGBM
RCA,LightGBM,Config_B_OneHot,24,5,4,194,48,75,119,19,29,0.6969147005444646,0.5972757262230947,0.6875,0.625,0.5263157894736842,0.5714285714285714,Boosting: LightGBM
RCA,LightGBM,Config_B_OneHot,25,5,5,194,48,76,118,18,30,0.7537037037037038,0.6184423767689896,0.7083333333333334,0.6428571428571429,0.5,0.5625,Boosting: LightGBM
