target,model,preprocessing,outer_fold,repeat,fold,inner_best_auc,roc_auc,f1,recall,precision,accuracy,pr_auc
Cath,RandomForest,Config_B_OneHot,1,1,1,0.9372298499872871,0.9040816326530612,0.8888888888888888,0.9142857142857143,0.8648648648648649,0.8367346938775511,0.9536962278454653
Cath,RandomForest,Config_B_OneHot,2,1,2,0.9000550894143572,0.9734693877551021,0.9705882352941176,0.9428571428571428,1.0,0.9591836734693877,0.99188884064264
Cath,RandomForest,Config_B_OneHot,3,1,3,0.9257670141537419,0.9626373626373625,0.9444444444444444,0.9714285714285714,0.918918918918919,0.9166666666666666,0.9861281296431672
Cath,RandomForest,Config_B_OneHot,4,1,4,0.9180060336883941,0.9285714285714285,0.8767123287671232,0.9411764705882353,0.8205128205128205,0.8125,0.9730509765909819
Cath,RandomForest,Config_B_OneHot,5,1,5,0.947012503764293,0.8697478991596638,0.8823529411764706,0.8823529411764706,0.8823529411764706,0.8333333333333334,0.9468567535571808
Cath,RandomForest,Config_B_OneHot,6,2,1,0.9138910077125182,0.9816326530612245,0.9714285714285714,0.9714285714285714,0.9714285714285714,0.9591836734693877,0.9941558441558441
Cath,RandomForest,Config_B_OneHot,7,2,2,0.9172811255191119,0.9489795918367347,0.9090909090909091,1.0,0.8333333333333334,0.8571428571428571,0.9765863444928723
Cath,RandomForest,Config_B_OneHot,8,2,3,0.9246228493940164,0.9516483516483516,0.918918918918919,0.9714285714285714,0.8717948717948718,0.875,0.9829706812595487
Cath,RandomForest,Config_B_OneHot,9,2,4,0.9292078484833731,0.8697478991596639,0.8857142857142857,0.9117647058823529,0.8611111111111112,0.8333333333333334,0.9464836128950014
Cath,RandomForest,Config_B_OneHot,10,2,5,0.9581633766294656,0.7941176470588236,0.8059701492537313,0.7941176470588235,0.8181818181818182,0.7291666666666666,0.9060258106578036
Cath,RandomForest,Config_B_OneHot,11,3,1,0.9397618442240868,0.9183673469387755,0.8823529411764706,0.8571428571428571,0.9090909090909091,0.8367346938775511,0.9711036964713435
Cath,RandomForest,Config_B_OneHot,12,3,2,0.9164335960674633,0.9591836734693877,0.9428571428571428,0.9428571428571428,0.9428571428571428,0.9183673469387755,0.9849404153398008
Cath,RandomForest,Config_B_OneHot,13,3,3,0.9364035087719298,0.8945054945054945,0.8888888888888888,0.9142857142857143,0.8648648648648649,0.8333333333333334,0.9588315823433731
Cath,RandomForest,Config_B_OneHot,14,3,4,0.9198847991084712,0.9663865546218486,0.9253731343283582,0.9117647058823529,0.9393939393939394,0.8958333333333334,0.9867537713083009
Cath,RandomForest,Config_B_OneHot,15,3,5,0.9211421180662623,0.9705882352941175,0.9014084507042254,0.9411764705882353,0.8648648648648649,0.8541666666666666,0.9890913180386864
Cath,XGBoost,Config_B_OneHot,1,1,1,0.9287545554708027,0.9,0.8767123287671232,0.9142857142857143,0.8421052631578947,0.8163265306122449,0.9545043656466907
Cath,XGBoost,Config_B_OneHot,2,1,2,0.8943130773794389,0.9612244897959183,0.9295774647887324,0.9428571428571428,0.9166666666666666,0.8979591836734694,0.987670727205611
Cath,XGBoost,Config_B_OneHot,3,1,3,0.9237541317060768,0.9538461538461538,0.927536231884058,0.9142857142857143,0.9411764705882353,0.8958333333333334,0.9820221288198989
Cath,XGBoost,Config_B_OneHot,4,1,4,0.9124813137788453,0.9600840336134454,0.9117647058823529,0.9117647058823529,0.9117647058823529,0.875,0.9848191651472995
Cath,XGBoost,Config_B_OneHot,5,1,5,0.9376337789174345,0.8550420168067226,0.8529411764705882,0.8529411764705882,0.8529411764705882,0.7916666666666666,0.9423223946604662
Cath,XGBoost,Config_B_OneHot,6,2,1,0.9183617255699635,0.9775510204081632,0.9444444444444444,0.9714285714285714,0.918918918918919,0.9183673469387755,0.9914818356711114
Cath,XGBoost,Config_B_OneHot,7,2,2,0.9153635901347572,0.9469387755102041,0.918918918918919,0.9714285714285714,0.8717948717948718,0.8775510204081632,0.9789244200950608
Cath,XGBoost,Config_B_OneHot,8,2,3,0.9052462073057038,0.9626373626373627,0.9166666666666666,0.9428571428571428,0.8918918918918919,0.875,0.9874006444683137
Cath,XGBoost,Config_B_OneHot,9,2,4,0.918469019192034,0.9033613445378151,0.8857142857142857,0.9117647058823529,0.8611111111111112,0.8333333333333334,0.9605800032849616
Cath,XGBoost,Config_B_OneHot,10,2,5,0.9546824198949424,0.8319327731092437,0.8787878787878788,0.8529411764705882,0.90625,0.8333333333333334,0.8985146337296889
Cath,XGBoost,Config_B_OneHot,11,3,1,0.9154271548436309,0.9306122448979591,0.927536231884058,0.9142857142857143,0.9411764705882353,0.8979591836734694,0.969576873399537
Cath,XGBoost,Config_B_OneHot,12,3,2,0.9167832019662683,0.9693877551020409,0.9295774647887324,0.9428571428571428,0.9166666666666666,0.8979591836734694,0.9877541227499514
Cath,XGBoost,Config_B_OneHot,13,3,3,0.9405564030850071,0.8637362637362638,0.9066666666666666,0.9714285714285714,0.85,0.8541666666666666,0.9387149057045313
Cath,XGBoost,Config_B_OneHot,14,3,4,0.9102502375787346,0.9453781512605041,0.9428571428571428,0.9705882352941176,0.9166666666666666,0.9166666666666666,0.9783030662399487
Cath,XGBoost,Config_B_OneHot,15,3,5,0.9202799371746253,0.9495798319327732,0.9428571428571428,0.9705882352941176,0.9166666666666666,0.9166666666666666,0.976071232272785
LAD,RandomForest,Config_A_Ordinal,1,1,1,0.8600739741090618,0.8206896551724138,0.8253968253968254,0.896551724137931,0.7647058823529411,0.7755102040816326,0.8772272771326171
LAD,RandomForest,Config_A_Ordinal,2,1,2,0.8468348577997702,0.8724137931034484,0.8253968253968254,0.896551724137931,0.7647058823529411,0.7755102040816326,0.9006279730368565
LAD,RandomForest,Config_A_Ordinal,3,1,3,0.8347203478782426,0.9019963702359347,0.8888888888888888,0.9655172413793104,0.8235294117647058,0.8541666666666666,0.9152546986687793
LAD,RandomForest,Config_A_Ordinal,4,1,4,0.8624217100937749,0.7928571428571428,0.7666666666666667,0.8214285714285714,0.71875,0.7083333333333334,0.8472206030448163
LAD,RandomForest,Config_A_Ordinal,5,1,5,0.8611956968907037,0.8517857142857144,0.8571428571428571,0.9642857142857143,0.7714285714285715,0.8125,0.8806879450104828
LAD,RandomForest,Config_A_Ordinal,6,2,1,0.8715199680111961,0.7810344827586208,0.8064516129032258,0.8620689655172413,0.7575757575757576,0.7551020408163265,0.8255826745833149
LAD,RandomForest,Config_A_Ordinal,7,2,2,0.853501274553906,0.846551724137931,0.8059701492537313,0.9310344827586207,0.7105263157894737,0.7346938775510204,0.8837335155348206
LAD,RandomForest,Config_A_Ordinal,8,2,3,0.8403996101364523,0.8892921960072595,0.8571428571428571,0.9310344827586207,0.7941176470588235,0.8125,0.934409663285089
LAD,RandomForest,Config_A_Ordinal,9,2,4,0.8491811519814219,0.8642857142857143,0.8148148148148148,0.7857142857142857,0.8461538461538461,0.7916666666666666,0.8478493824385275
LAD,RandomForest,Config_A_Ordinal,10,2,5,0.8251193812934704,0.8928571428571428,0.8524590163934426,0.9285714285714286,0.7878787878787878,0.8125,0.9163574692877403
LAD,RandomForest,Config_A_Ordinal,11,3,1,0.8182386164842305,0.9551724137931035,0.9333333333333333,0.9655172413793104,0.9032258064516129,0.9183673469387755,0.9678335243686523
LAD,RandomForest,Config_A_Ordinal,12,3,2,0.8568001199580147,0.7879310344827586,0.8059701492537313,0.9310344827586207,0.7105263157894737,0.7346938775510204,0.8495601680831719
LAD,RandomForest,Config_A_Ordinal,13,3,3,0.8432048782925975,0.909255898366606,0.8307692307692308,0.9310344827586207,0.75,0.7708333333333334,0.9554955406851546
LAD,RandomForest,Config_A_Ordinal,14,3,4,0.8509175634681707,0.8196428571428571,0.8070175438596491,0.8214285714285714,0.7931034482758621,0.7708333333333334,0.873785521623391
LAD,RandomForest,Config_A_Ordinal,15,3,5,0.8451119031415928,0.8553571428571428,0.8,0.7857142857142857,0.8148148148148148,0.7708333333333334,0.8561175207066141
LCX,XGBoost,Config_B_OneHot,1,1,1,0.7272067307692308,0.6368421052631579,0.30303030303030304,0.2631578947368421,0.35714285714285715,0.5306122448979592,0.4952918524275996
LCX,XGBoost,Config_B_OneHot,2,1,2,0.6968872863247864,0.7157894736842105,0.5882352941176471,0.5263157894736842,0.6666666666666666,0.7142857142857143,0.7051291799835555
LCX,XGBoost,Config_B_OneHot,3,1,3,0.7183611111111111,0.7477313974591652,0.5555555555555556,0.5263157894736842,0.5882352941176471,0.6666666666666666,0.663809162751454
LCX,XGBoost,Config_B_OneHot,4,1,4,0.7265341880341879,0.7648148148148148,0.5714285714285714,0.5555555555555556,0.5882352941176471,0.6875,0.6559824975760647
LCX,XGBoost,Config_B_OneHot,5,1,5,0.7518846153846154,0.7407407407407407,0.6153846153846154,0.6666666666666666,0.5714285714285714,0.6875,0.630765279363842
LCX,XGBoost,Config_B_OneHot,6,2,1,0.7617190170940171,0.6929824561403508,0.5945945945945946,0.5789473684210527,0.6111111111111112,0.6938775510204082,0.5685032635894829
LCX,XGBoost,Config_B_OneHot,7,2,2,0.7547932692307694,0.619298245614035,0.3870967741935484,0.3157894736842105,0.5,0.6122448979591837,0.5623958458835618
LCX,XGBoost,Config_B_OneHot,8,2,3,0.6929652777777778,0.9001814882032667,0.5384615384615384,0.3684210526315789,1.0,0.75,0.8753537043211781
LCX,XGBoost,Config_B_OneHot,9,2,4,0.7166709401709402,0.7314814814814814,0.5,0.4444444444444444,0.5714285714285714,0.6666666666666666,0.5798317743303687
LCX,XGBoost,Config_B_OneHot,10,2,5,0.7086025641025642,0.6518518518518518,0.5641025641025641,0.6111111111111112,0.5238095238095238,0.6458333333333334,0.6188116294680659
LCX,XGBoost,Config_B_OneHot,11,3,1,0.7383044871794873,0.7210526315789474,0.5555555555555556,0.5263157894736842,0.5882352941176471,0.673469387755102,0.5871700117776928
LCX,XGBoost,Config_B_OneHot,12,3,2,0.7412884615384616,0.7964912280701755,0.5945945945945946,0.5789473684210527,0.6111111111111112,0.6938775510204082,0.6210623335954719
LCX,XGBoost,Config_B_OneHot,13,3,3,0.7169722222222221,0.7241379310344827,0.5,0.42105263157894735,0.6153846153846154,0.6666666666666666,0.5959372721548749
LCX,XGBoost,Config_B_OneHot,14,3,4,0.7250683760683762,0.6407407407407407,0.3333333333333333,0.2777777777777778,0.4166666666666667,0.5833333333333334,0.47786058238332285
LCX,XGBoost,Config_B_OneHot,15,3,5,0.6696282051282051,0.7907407407407407,0.5714285714285714,0.5555555555555556,0.5882352941176471,0.6875,0.7127039780926654
LCX,RandomForest,Config_B_OneHot,1,1,1,0.7272483974358974,0.7052631578947368,0.2608695652173913,0.15789473684210525,0.75,0.6530612244897959,0.6602975467484216
LCX,RandomForest,Config_B_OneHot,2,1,2,0.7013659188034188,0.7929824561403509,0.46153846153846156,0.3157894736842105,0.8571428571428571,0.7142857142857143,0.7451914661061521
LCX,RandomForest,Config_B_OneHot,3,1,3,0.7043472222222222,0.7731397459165155,0.65,0.6842105263157895,0.6190476190476191,0.7083333333333334,0.6158900002736567
LCX,RandomForest,Config_B_OneHot,4,1,4,0.7277564102564104,0.787037037037037,0.4444444444444444,0.3333333333333333,0.6666666666666666,0.6875,0.7282422326096261
LCX,RandomForest,Config_B_OneHot,5,1,5,0.7672478632478633,0.6814814814814815,0.5405405405405406,0.5555555555555556,0.5263157894736842,0.6458333333333334,0.5715380197288092
LCX,RandomForest,Config_B_OneHot,6,2,1,0.7604513888888889,0.7456140350877193,0.6111111111111112,0.5789473684210527,0.6470588235294118,0.7142857142857143,0.6243164105642769
LCX,RandomForest,Config_B_OneHot,7,2,2,0.7598167735042735,0.6333333333333333,0.4,0.3157894736842105,0.5454545454545454,0.6326530612244898,0.6209743020754737
LCX,RandomForest,Config_B_OneHot,8,2,3,0.7442291666666666,0.8275862068965516,0.5517241379310345,0.42105263157894735,0.8,0.7291666666666666,0.7486885127260533
LCX,RandomForest,Config_B_OneHot,9,2,4,0.7254529914529915,0.8111111111111111,0.6666666666666666,0.6111111111111112,0.7333333333333333,0.7708333333333334,0.6487851708439945
LCX,RandomForest,Config_B_OneHot,10,2,5,0.7416282051282052,0.7296296296296296,0.6190476190476191,0.7222222222222222,0.5416666666666666,0.6666666666666666,0.634157677926166
LCX,RandomForest,Config_B_OneHot,11,3,1,0.7559764957264957,0.7771929824561403,0.42857142857142855,0.3157894736842105,0.6666666666666666,0.673469387755102,0.6631953299763322
LCX,RandomForest,Config_B_OneHot,12,3,2,0.7593461538461539,0.7929824561403509,0.4,0.3157894736842105,0.5454545454545454,0.6326530612244898,0.6828978473040064
LCX,RandomForest,Config_B_OneHot,13,3,3,0.7199305555555556,0.7441016333938294,0.32,0.21052631578947367,0.6666666666666666,0.6458333333333334,0.6201875289075582
LCX,RandomForest,Config_B_OneHot,14,3,4,0.7521495726495727,0.6611111111111111,0.4,0.2777777777777778,0.7142857142857143,0.6875,0.6294556658297565
LCX,RandomForest,Config_B_OneHot,15,3,5,0.7087735042735043,0.7925925925925926,0.5925925925925926,0.4444444444444444,0.8888888888888888,0.7708333333333334,0.7327222690738817
RCA,LogisticRegression,Config_A_Ordinal,1,1,1,0.6688076923076922,0.7087719298245614,0.4864864864864865,0.47368421052631576,0.5,0.6122448979591837,0.6167634326677718
RCA,LogisticRegression,Config_A_Ordinal,2,1,2,0.698542735042735,0.7017543859649122,0.5,0.42105263157894735,0.6153846153846154,0.673469387755102,0.6411045919242866
RCA,LogisticRegression,Config_A_Ordinal,3,1,3,0.6850085470085471,0.662431941923775,0.5405405405405406,0.5263157894736842,0.5555555555555556,0.6458333333333334,0.6146139328962004
RCA,LogisticRegression,Config_A_Ordinal,4,1,4,0.6526837606837607,0.8239564428312159,0.5882352941176471,0.5263157894736842,0.6666666666666666,0.7083333333333334,0.7866539702813744
RCA,LogisticRegression,Config_A_Ordinal,5,1,5,0.6823441814595662,0.7111111111111111,0.6111111111111112,0.6111111111111112,0.6111111111111112,0.7083333333333334,0.62682829441477
RCA,LogisticRegression,Config_A_Ordinal,6,2,1,0.6567435897435897,0.7456140350877193,0.4827586206896552,0.3684210526315789,0.7,0.6938775510204082,0.6931230498751275
RCA,LogisticRegression,Config_A_Ordinal,7,2,2,0.7226324786324786,0.5929824561403508,0.4,0.3157894736842105,0.5454545454545454,0.6326530612244898,0.5402519705441977
RCA,LogisticRegression,Config_A_Ordinal,8,2,3,0.6805,0.7767695099818511,0.5945945945945946,0.5789473684210527,0.6111111111111112,0.6875,0.723975765364243
RCA,LogisticRegression,Config_A_Ordinal,9,2,4,0.72208547008547,0.6388384754990926,0.47368421052631576,0.47368421052631576,0.47368421052631576,0.5833333333333334,0.548169683546888
RCA,LogisticRegression,Config_A_Ordinal,10,2,5,0.6883566732412886,0.6796296296296296,0.5555555555555556,0.5555555555555556,0.5555555555555556,0.6666666666666666,0.5521152505223976
RCA,LogisticRegression,Config_A_Ordinal,11,3,1,0.6838290598290598,0.787719298245614,0.5,0.42105263157894735,0.6153846153846154,0.673469387755102,0.6652665864684555
RCA,LogisticRegression,Config_A_Ordinal,12,3,2,0.7232393162393164,0.6456140350877193,0.47058823529411764,0.42105263157894735,0.5333333333333333,0.6326530612244898,0.5397987059047538
RCA,LogisticRegression,Config_A_Ordinal,13,3,3,0.734440170940171,0.6388384754990926,0.5405405405405406,0.5263157894736842,0.5555555555555556,0.6458333333333334,0.560894431454771
RCA,LogisticRegression,Config_A_Ordinal,14,3,4,0.7178931623931625,0.7259528130671506,0.5161290322580645,0.42105263157894735,0.6666666666666666,0.6875,0.6744176351153095
RCA,LogisticRegression,Config_A_Ordinal,15,3,5,0.7391942800788955,0.6518518518518518,0.5263157894736842,0.5555555555555556,0.5,0.625,0.5934311674773707
RCA,RandomForest,Config_B_OneHot,1,1,1,0.6847649572649573,0.7368421052631579,0.25,0.15789473684210525,0.6,0.6326530612244898,0.6386348808434446
RCA,RandomForest,Config_B_OneHot,2,1,2,0.7188547008547008,0.6964912280701754,0.2608695652173913,0.15789473684210525,0.75,0.6530612244897959,0.6164539081821638
RCA,RandomForest,Config_B_OneHot,3,1,3,0.6935299145299144,0.676950998185118,0.5853658536585366,0.631578947368421,0.5454545454545454,0.6458333333333334,0.6375471224247706
RCA,RandomForest,Config_B_OneHot,4,1,4,0.6569444444444444,0.7404718693284935,0.4666666666666667,0.3684210526315789,0.6363636363636364,0.6666666666666666,0.6894905024575096
RCA,RandomForest,Config_B_OneHot,5,1,5,0.7202320841551609,0.6962962962962963,0.5,0.5,0.5,0.625,0.5829812955962381
RCA,RandomForest,Config_B_OneHot,6,2,1,0.6549017094017094,0.7368421052631579,0.5185185185185185,0.3684210526315789,0.875,0.7346938775510204,0.7102530836355629
RCA,RandomForest,Config_B_OneHot,7,2,2,0.6792264957264957,0.6298245614035087,0.2608695652173913,0.15789473684210525,0.75,0.6530612244897959,0.5456617908124699
RCA,RandomForest,Config_B_OneHot,8,2,3,0.6820213675213674,0.7568058076225045,0.4444444444444444,0.3157894736842105,0.75,0.6875,0.6431484488541958
RCA,RandomForest,Config_B_OneHot,9,2,4,0.7205982905982906,0.647912885662432,0.25,0.15789473684210525,0.6,0.625,0.5337546176049871
RCA,RandomForest,Config_B_OneHot,10,2,5,0.7328918474687706,0.6203703703703703,0.4,0.3333333333333333,0.5,0.625,0.5332942329561783
RCA,RandomForest,Config_B_OneHot,11,3,1,0.6777905982905983,0.787719298245614,0.38461538461538464,0.2631578947368421,0.7142857142857143,0.673469387755102,0.6579122374084432
RCA,RandomForest,Config_B_OneHot,12,3,2,0.7246025641025641,0.7052631578947368,0.5142857142857142,0.47368421052631576,0.5625,0.6530612244897959,0.5792848221484104
RCA,RandomForest,Config_B_OneHot,13,3,3,0.7111367521367521,0.7241379310344827,0.41379310344827586,0.3157894736842105,0.6,0.6458333333333334,0.5974169242154415
RCA,RandomForest,Config_B_OneHot,14,3,4,0.7476068376068375,0.6860254083484574,0.45714285714285713,0.42105263157894735,0.5,0.6041666666666666,0.6383195488592338
RCA,RandomForest,Config_B_OneHot,15,3,5,0.7167186061801446,0.7055555555555555,0.5641025641025641,0.6111111111111112,0.5238095238095238,0.6458333333333334,0.638344151451989
