target,preprocessing,model,roc_auc_mean,roc_auc_std,f1_mean,f1_std,recall_mean,recall_std,precision_mean,precision_std,accuracy_mean,accuracy_std,pr_auc_mean
Cath,Config_A_Ordinal,LinearSVM,0.908553144334657,0.02594116937602978,0.8843732809162164,0.030231654018139348,0.9027226890756301,0.050998826968282875,0.8701924875950229,0.049477928552612016,0.8313775510204081,0.045035425732376365,0.9640755097702626
Cath,Config_A_Ordinal,LogisticRegression,0.9234858250992705,0.028771331966336897,0.8960121435662545,0.02836339745952945,0.9025882352941176,0.05070062057858044,0.8913762429192922,0.02801692434639781,0.8511564625850341,0.03810097144913128,0.96962433479671
Cath,Config_A_Ordinal,RBF_SVM,0.9016954474097331,0.04246697706828453,0.8923592239857231,0.03031689037630664,0.9119327731092437,0.053688426094323664,0.8754092650085858,0.02750624954825169,0.8437074829931973,0.04090720142765068,0.9587726594947671
Cath,Config_A_Ordinal,RandomForest,0.9305154677255517,0.03972852358241425,0.911338381397527,0.027454443177752978,0.9432268907563025,0.047323236751844654,0.8830694188898524,0.03003119405797788,0.8693367346938775,0.03841788991380874,0.9702109894647087
Cath,Config_B_OneHot,LinearSVM,0.8994182288299934,0.031745988449093515,0.8812911710300179,0.02835550678610727,0.8910252100840336,0.05305538789763113,0.8752474724660243,0.04442240026105851,0.8288775510204082,0.03994433002291478,0.958727067091402
Cath,Config_B_OneHot,LogisticRegression,0.9175275648721026,0.03183299232693461,0.8956110317963593,0.03192888602014951,0.8955966386554621,0.0550165014523386,0.8974431411220138,0.02562494452571821,0.8519897959183673,0.041995512106453886,0.9668878313685798
Cath,Config_B_OneHot,RBF_SVM,0.8976996952627205,0.041655971358305156,0.8894196316701308,0.032348746034763856,0.9095798319327731,0.0580511516662506,0.8721839491064407,0.027719459980793375,0.8395238095238095,0.04290762316279152,0.9575118531564709
Cath,Config_B_OneHot,RandomForest,0.932489611229107,0.03914962590432087,0.9117807941689199,0.026033116638420877,0.9466218487394958,0.03924402737401755,0.8805861804778213,0.03228557340198498,0.8692857142857143,0.037717138440800685,0.971108330926847
LAD,Config_A_Ordinal,LinearSVM,0.7847522686025408,0.05734826259755616,0.7696029234692542,0.053352096783499496,0.8083251231527093,0.07906819554371525,0.7388684380710278,0.059492857350927034,0.715,0.06311731881787377,0.8430400003109326
LAD,Config_A_Ordinal,LogisticRegression,0.815547575836142,0.05058773061852878,0.7777321679305191,0.047028109479704795,0.7850246305418719,0.06891609183645496,0.7741622716842242,0.05209574957370346,0.7356632653061225,0.05298708021676929,0.8690718791284554
LAD,Config_A_Ordinal,RBF_SVM,0.8220022686025409,0.051473600026776554,0.7991901904357909,0.05967532896768136,0.8363546798029557,0.07613696515287557,0.768056881693455,0.06316967726392657,0.7520408163265305,0.07351006864691267,0.8673304077838249
LAD,Config_A_Ordinal,RandomForest,0.8538171506352087,0.05612456165356014,0.8445231632704104,0.046263039658713666,0.8991625615763548,0.046917141648810536,0.7981521369423312,0.06061008604546102,0.8032482993197279,0.06317654770764768,0.8812274482001133
LAD,Config_B_OneHot,LinearSVM,0.7785771324863885,0.053594723828949004,0.769508008004166,0.04764604867672881,0.8083743842364532,0.07588145904075959,0.7385995554016584,0.05304856065536271,0.715,0.054934720530043724,0.8361951972067451
LAD,Config_B_OneHot,LogisticRegression,0.8141844697951777,0.05039104072999195,0.7735130718562001,0.046093905996166244,0.7808374384236453,0.06942988164313212,0.7702240733831226,0.051973838537472485,0.7307482993197278,0.05120424645851485,0.8686068590353961
LAD,Config_B_OneHot,RBF_SVM,0.8205370754472388,0.053497528723179,0.7995870002785813,0.05612589301916774,0.8363546798029557,0.07472785577464794,0.7687427692403181,0.057903476572315676,0.752874149659864,0.06885176916623088,0.8669780119422755
LAD,Config_B_OneHot,RandomForest,0.8519725823178637,0.050454138335924714,0.8422513316623558,0.0387448730461436,0.8976847290640394,0.045531706858436556,0.7953591188075891,0.05254662697184052,0.8007482993197279,0.05229863754153348,0.8782274771334666
LCX,Config_A_Ordinal,LinearSVM,0.6788487598306111,0.06548127067277977,0.3706463316835045,0.12576081377991383,0.2849122807017544,0.1192964539482477,0.5927348631760396,0.19053468270414015,0.6480782312925171,0.04914785150931057,0.5924941113034801
LCX,Config_A_Ordinal,LogisticRegression,0.6851872017207771,0.060724605154265476,0.4949817632132998,0.07945898977577821,0.4676023391812866,0.11421276207052419,0.5404680275005352,0.060328522125801774,0.6421598639455781,0.037153125799838115,0.5931123261049155
LCX,Config_A_Ordinal,RBF_SVM,0.6891787322712912,0.08016312989109185,0.45843642965881953,0.10400084809658053,0.3821052631578947,0.12454595901285898,0.6436065568418509,0.1455263888375987,0.6670068027210884,0.047828010696830445,0.6209680677645057
LCX,Config_A_Ordinal,RandomForest,0.7424318074880688,0.06098581937606775,0.5164982936017746,0.0693715854422268,0.4309941520467836,0.09365858115816941,0.6695091509797392,0.09650002399734368,0.6950850340136054,0.03496849989477037,0.6529203937711665
LCX,Config_B_OneHot,LinearSVM,0.6590278954090206,0.07122932131456526,0.352564979447622,0.112951222504097,0.2631578947368421,0.10862418963170686,0.632479020979021,0.1641931801615837,0.6456122448979592,0.048925991818152076,0.5704904362074619
LCX,Config_B_OneHot,LogisticRegression,0.6780470524971431,0.06382569562279461,0.5029332009894278,0.08071226981247495,0.4741520467836257,0.11369933578458573,0.5501731548465295,0.0666400767987118,0.6480442176870749,0.0403586962298983,0.5910306426555796
LCX,Config_B_OneHot,RBF_SVM,0.6881767829535526,0.0792285524506746,0.45840822953097166,0.10722967597108851,0.38421052631578945,0.1266906573822372,0.6373983022481474,0.13947618544778326,0.666156462585034,0.046553533822565156,0.6215582040393564
LCX,Config_B_OneHot,RandomForest,0.7452036028769241,0.0548207059168987,0.5013975576173959,0.09836946216639511,0.4119298245614035,0.12347331547003781,0.6859028632186527,0.12956246721607576,0.6951190476190476,0.045654489227049205,0.6474755130337198
RCA,Config_A_Ordinal,LinearSVM,0.6969722390266856,0.05892982927858081,0.4217053428063846,0.1194121143980931,0.34514619883040937,0.12407529909095753,0.5845624473565649,0.154553985316912,0.6470238095238094,0.05142273344469682,0.6308128033594801
RCA,Config_A_Ordinal,LogisticRegression,0.7189258587080728,0.05696361983990545,0.5455561332933366,0.08732033467586481,0.5175438596491229,0.11039705923188811,0.5903361856581671,0.0825980853665164,0.6710884353741497,0.05084709319296406,0.65526159530221
RCA,Config_A_Ordinal,RBF_SVM,0.6857812731061369,0.054218264884266204,0.4673301448800369,0.09530182201482998,0.4045614035087719,0.10919620558958314,0.5713336544776173,0.09650460552807252,0.649625850340136,0.04940318243247413,0.6024362007360373
RCA,Config_A_Ordinal,RandomForest,0.6933163944343618,0.061450437590464056,0.44728763331612903,0.08128659352677438,0.36409356725146197,0.08239234809945115,0.5984309024309025,0.08305913252886084,0.656343537414966,0.037880426141691396,0.6076247854060666
RCA,Config_B_OneHot,LinearSVM,0.700665927270283,0.054189254816466886,0.43629796634524765,0.11527554468573915,0.35157894736842105,0.11804527290930182,0.6295159285159285,0.1490602265736033,0.6610374149659864,0.04843834164033372,0.6388730211299398
RCA,Config_B_OneHot,LogisticRegression,0.7170882570410702,0.05544539203343653,0.5415411092952233,0.07487348352481006,0.5105263157894737,0.10256519181523652,0.5916172760847683,0.08477831104284936,0.6685204081632654,0.04991568425547561,0.6506054259421886
RCA,Config_B_OneHot,RBF_SVM,0.685087047119715,0.0533228844337912,0.4682570217349745,0.09235204304007132,0.4046783625730994,0.1102485241175393,0.5759300601359425,0.09285924608744281,0.6512414965986395,0.046990994114309306,0.6007641010824435
RCA,Config_B_OneHot,RandomForest,0.700264502251798,0.05694923141470121,0.4456640750928522,0.09526572715479567,0.3660818713450292,0.10023953050539153,0.595187253922548,0.08644115145079807,0.6554761904761905,0.03982055334518517,0.6136160596994129
