target,preprocessing,model,roc_auc_mean,roc_auc_std,roc_auc_median,roc_auc_iqr,roc_auc_min,roc_auc_max,f1_mean,f1_std,recall_mean,recall_std,precision_mean,precision_std,accuracy_mean,accuracy_std,pr_auc_mean,pr_auc_std
Cath,Config_A_Ordinal,LightGBM,0.9181782251362083,0.0365080990079788,0.9222689075630252,0.05372148859543813,0.8235294117647058,0.9693877551020408,0.9074606028117654,0.030474441410576376,0.9270252100840337,0.04963065334335979,0.8908000675252826,0.0386551313281966,0.8652210884353742,0.04318878304422706,0.9622427881016606,0.023204499632989678
Cath,Config_A_Ordinal,XGBoost,0.9236492750946532,0.03749924747884302,0.930672268907563,0.04188752424046549,0.8298319327731093,0.9775510204081632,0.9129664494321225,0.02617375874470955,0.9315630252100839,0.04553743183770325,0.89687960156923,0.032257782160017866,0.8734693877551021,0.03676082303014881,0.9658430596178939,0.021766032761536235
Cath,Config_B_OneHot,LightGBM,0.9183043679010064,0.03601145223794155,0.9201680672268907,0.04693877551020409,0.8298319327731093,0.9775510204081632,0.9065716528201445,0.026971215457975033,0.9281344537815126,0.044840759240231454,0.8878862025718113,0.03708213880916971,0.8635544217687076,0.03809227222875326,0.9614282258388961,0.025350516291538013
Cath,Config_B_OneHot,XGBoost,0.9246761473820296,0.03861041763135304,0.9285714285714285,0.05102040816326525,0.8319327731092436,0.9816326530612245,0.9141019154286788,0.027674379927529653,0.936235294117647,0.04226141682572083,0.894667918928605,0.03712768535508662,0.8743197278911565,0.04031574891980266,0.9660220593485588,0.02353708277343423
LAD,Config_A_Ordinal,LightGBM,0.8269630541871921,0.051065785864052575,0.8357142857142857,0.06352087114337579,0.6896551724137931,0.9120689655172415,0.8130683296152387,0.038218455169996945,0.8195073891625616,0.053206959034498985,0.8091620469918578,0.04627314497833712,0.7775680272108844,0.045713144742672074,0.8594070685742874,0.044613299157233215
LAD,Config_A_Ordinal,XGBoost,0.8309364791288566,0.050552246931105646,0.8402903811252269,0.06551724137931025,0.7078039927404719,0.9214285714285714,0.8075405556713489,0.0376106425772889,0.8238916256157636,0.04752827753905534,0.7940865672765005,0.050647204828331974,0.7677210884353741,0.04724886227162129,0.8614039300009578,0.04735113292849053
LAD,Config_B_OneHot,LightGBM,0.8263212341197823,0.048073701844607464,0.8357142857142857,0.06379310344827593,0.7005444646098004,0.9120689655172414,0.8099473440064641,0.04430149004388875,0.8180788177339902,0.05745827322088791,0.8040748053516128,0.04962381021717885,0.7734693877551021,0.052806881268259775,0.8558480664823294,0.04567041333392756
LAD,Config_B_OneHot,XGBoost,0.8286103189007001,0.05273685078370973,0.8321428571428572,0.07413793103448285,0.705989110707804,0.9241379310344828,0.809243792972377,0.03779436588264765,0.8210837438423646,0.05173210314774611,0.8009024998340348,0.054161348882133885,0.7710714285714286,0.04709275621292963,0.8610479959496622,0.052671226477385195
LCX,Config_A_Ordinal,LightGBM,0.7385626134301271,0.06783201296174965,0.7332123411978222,0.0754385964912282,0.6388384754990925,0.8892921960072595,0.5420045365468499,0.07354883798160797,0.5104093567251462,0.11449051855535021,0.5966325446139688,0.0742499482860312,0.6752210884353741,0.04122876875389176,0.6394537174526875,0.08837862660180125
LCX,Config_A_Ordinal,XGBoost,0.7474220608993748,0.06349605349369959,0.7385964912280703,0.07787524366471732,0.6444444444444444,0.8911070780399274,0.557036951618082,0.08968525174018213,0.5210526315789473,0.12817783222035084,0.6179986679090193,0.09305563115418575,0.6892517006802721,0.04907773412379805,0.6495353707086806,0.079774044167907
LCX,Config_B_OneHot,LightGBM,0.728381931841097,0.06982326431013039,0.7148148148148149,0.08908382066276799,0.6225045372050816,0.8911070780399275,0.5521111464021181,0.08472653467851618,0.5301754385964912,0.13088053761358745,0.5959024369163688,0.08472779555244317,0.6776700680272109,0.0469619410490152,0.6322464945743038,0.0875083597115443
LCX,Config_B_OneHot,XGBoost,0.750285138132688,0.06361776049733514,0.7508771929824561,0.06491228070175437,0.6314814814814815,0.8947368421052632,0.5492658310267278,0.0946442051034662,0.5146198830409356,0.13119665060480898,0.6100281389539702,0.10178755374529268,0.6835034013605443,0.05277335159155901,0.6516029186195089,0.08410398522387384
RCA,Config_A_Ordinal,LightGBM,0.6807938428446596,0.0647466249952931,0.6614035087719299,0.10565302144249511,0.5649122807017544,0.8021778584392013,0.5053684618266662,0.11434016447419416,0.48046783625730993,0.13505986903111153,0.5443245319180303,0.10506352176982962,0.6438775510204081,0.06536266736369263,0.5789773039281205,0.07112848492573368
RCA,Config_A_Ordinal,XGBoost,0.6859710963231833,0.0681135999734354,0.6789473684210526,0.08862673926194797,0.5526315789473684,0.8148820326678766,0.49186391911290883,0.11083216103231522,0.45953216374269007,0.12842960502276166,0.5408865724918356,0.09602598527194077,0.6422278911564626,0.053365494521843936,0.5945922414337496,0.07484077896225699
RCA,Config_B_OneHot,LightGBM,0.6859720373731263,0.0590398588684941,0.674074074074074,0.10000000000000009,0.587037037037037,0.780399274047187,0.5110410482340108,0.08611336427893813,0.48269005847953217,0.10273149532311139,0.5516847236011323,0.08251799545794868,0.6463605442176871,0.050506177689447054,0.5886903698781704,0.07069244775314114
RCA,Config_B_OneHot,XGBoost,0.6824822208778651,0.07174497014712704,0.6814814814814815,0.10157289776164546,0.5456140350877192,0.8003629764065335,0.4927243639543735,0.11172879166837456,0.4616374269005848,0.13272814160058907,0.5396914448005442,0.10038139322017087,0.6405272108843537,0.060850724744617286,0.5919329026011774,0.08133879182185293
